purchase_order_id,supplier_id,warehouse_id,purchase_datetime
1,32,8,2016-01-08 12:57:27
2,40,9,2016-02-03 16:20:11
3,24,1,2016-03-08 15:27:50
4,40,8,2016-03-25 18:07:48
5,25,8,2016-03-30 17:38:51
6,6,8,2016-04-13 13:34:02
7,1,1,2016-04-18 13:37:24
8,24,7,2016-04-19 17:38:08
9,13,7,2016-04-21 16:38:30
10,40,4,2016-04-21 17:09:28
11,17,1,2016-05-06 10:30:30
12,23,10,2016-05-14 15:59:43
13,40,7,2016-05-20 09:05:14
14,30,1,2016-05-20 17:08:02
15,26,8,2016-06-06 11:56:03
16,33,5,2016-06-17 13:30:57
17,25,5,2016-07-02 16:06:48
18,33,9,2016-07-05 12:50:46
19,24,5,2016-07-12 12:58:17
20,19,2,2016-07-13 10:47:17
21,33,8,2016-07-14 15:54:28
22,14,1,2016-07-18 16:33:04
23,30,5,2016-08-01 10:21:31
24,24,2,2016-08-02 13:01:05
25,24,7,2016-08-05 10:33:09
26,3,8,2016-08-22 10:28:11
27,23,8,2016-08-27 16:30:49
28,40,4,2016-08-31 13:47:57
29,2,8,2016-08-31 15:24:01
30,26,8,2016-09-01 17:18:29
31,10,12,2016-09-22 13:27:20
32,1,10,2016-09-23 13:30:22
33,24,8,2016-09-27 10:26:58
34,14,2,2016-09-27 17:37:58
35,24,7,2016-10-04 15:30:51
36,10,9,2016-10-04 17:51:06
37,25,8,2016-10-07 09:37:37
38,24,5,2016-10-21 10:48:53
39,31,1,2016-10-21 17:43:19
40,36,5,2016-11-01 15:59:08
41,25,12,2016-11-07 16:47:04
42,24,11,2016-11-09 11:08:03
43,1,6,2016-11-10 18:32:42
44,32,5,2016-11-22 13:12:18
45,33,6,2016-11-22 17:54:17
46,2,8,2016-12-02 17:12:36
47,25,8,2016-12-09 15:18:43
48,32,5,2016-12-10 13:37:36
49,30,7,2016-12-27 14:50:51
50,24,8,2016-12-27 17:25:13
51,14,8,2017-01-04 15:06:36
52,37,11,2017-01-06 09:14:50
53,5,8,2017-01-06 16:40:43
54,1,1,2017-01-16 12:14:35
55,2,8,2017-01-18 11:57:06
56,9,1,2017-02-03 09:37:35
57,6,6,2017-02-03 15:42:51
58,26,8,2017-02-06 16:48:29
59,12,11,2017-02-11 15:27:27
60,40,5,2017-02-16 18:04:32
61,31,9,2017-03-09 13:10:07
62,23,9,2017-03-10 13:34:06
63,24,9,2017-03-24 12:48:36
64,18,1,2017-03-29 16:04:39
65,25,1,2017-04-01 11:38:36
66,33,8,2017-04-07 15:09:17
67,24,11,2017-04-08 11:52:09
68,23,9,2017-04-15 12:28:01
69,33,4,2017-04-19 16:52:40
70,3,5,2017-04-21 14:41:07
71,36,8,2017-04-22 09:26:21
72,14,9,2017-04-22 13:30:31
73,30,1,2017-05-01 18:03:55
74,27,5,2017-05-04 10:09:28
75,33,10,2017-05-05 11:11:37
76,40,2,2017-05-11 15:55:43
77,24,8,2017-05-16 17:09:54
78,39,4,2017-06-12 13:17:10
79,22,1,2017-06-14 10:59:11
80,5,2,2017-06-14 11:25:23
81,24,8,2017-06-14 16:58:46
82,13,5,2017-06-15 18:34:10
83,23,8,2017-06-21 16:35:25
84,24,5,2017-06-22 11:20:52
85,5,1,2017-07-11 10:53:13
86,5,5,2017-07-19 11:16:40
87,24,2,2017-07-22 17:10:48
88,36,10,2017-07-28 18:03:25
89,24,8,2017-08-04 14:16:44
90,25,8,2017-08-08 13:40:33
91,24,1,2017-08-10 16:27:13
92,33,9,2017-08-11 12:59:50
93,24,8,2017-08-14 11:08:20
94,24,8,2017-08-17 14:45:16
95,32,4,2017-08-22 17:29:35
96,32,12,2017-09-07 12:56:30
97,25,10,2017-09-07 16:07:27
98,24,7,2017-09-19 18:49:22
99,13,3,2017-09-26 11:46:57
100,11,7,2017-09-27 11:55:31
101,4,10,2017-10-03 18:50:30
102,40,1,2017-10-14 11:42:11
103,38,3,2017-10-18 12:11:28
104,25,5,2017-10-20 09:30:18
105,38,10,2017-10-20 17:16:07
106,34,2,2017-10-21 11:56:21
107,2,4,2017-10-24 11:14:57
108,32,2,2017-10-24 13:46:57
109,2,7,2017-10-26 14:04:57
110,2,9,2017-10-30 10:48:46
111,11,2,2017-10-30 17:46:19
112,32,1,2017-11-02 17:25:13
113,29,10,2017-11-06 14:11:42
114,24,8,2017-11-06 14:58:21
115,38,8,2017-11-07 10:02:56
116,2,6,2017-11-07 15:23:28
117,5,4,2017-11-09 09:46:41
118,40,8,2017-11-16 13:43:23
119,13,9,2017-11-27 15:55:03
120,10,4,2017-11-28 15:06:55
121,28,9,2017-11-29 11:41:07
122,25,5,2017-12-04 10:17:01
123,27,8,2017-12-06 12:01:10
124,40,9,2017-12-11 13:54:30
125,37,5,2017-12-15 11:44:46
126,23,8,2018-01-05 10:12:56
127,18,5,2018-01-06 11:10:50
128,32,11,2018-01-06 17:23:32
129,24,8,2018-01-10 09:09:39
130,24,8,2018-01-12 09:13:51
131,1,7,2018-01-23 10:08:08
132,15,5,2018-01-23 10:48:40
133,23,10,2018-01-29 16:53:50
134,23,3,2018-02-01 13:37:10
135,23,8,2018-02-10 11:03:19
136,23,10,2018-02-14 12:05:28
137,24,7,2018-02-20 11:39:41
138,3,1,2018-02-27 18:14:17
139,24,3,2018-03-06 14:56:33
140,26,5,2018-03-06 17:39:18
141,15,7,2018-03-07 16:33:16
142,40,7,2018-03-09 14:58:03
143,23,9,2018-03-26 13:42:16
144,25,4,2018-03-26 18:53:07
145,32,8,2018-03-29 09:10:08
146,19,5,2018-03-30 11:14:39
147,27,8,2018-03-31 16:57:54
148,35,1,2018-04-03 10:09:54
149,39,8,2018-04-06 16:16:37
150,6,2,2018-04-12 12:22:28
151,29,6,2018-04-16 18:35:11
152,24,8,2018-04-24 09:43:59
153,40,6,2018-04-30 10:22:33
154,40,8,2018-05-02 17:38:17
155,24,6,2018-05-03 10:52:19
156,10,10,2018-05-04 13:49:28
157,1,2,2018-05-05 11:55:17
158,40,5,2018-05-07 14:23:32
159,17,8,2018-05-09 12:21:19
160,37,4,2018-05-17 18:23:18
161,29,1,2018-05-23 11:37:58
162,25,1,2018-05-26 09:43:09
163,12,9,2018-05-28 11:58:01
164,26,8,2018-05-30 09:41:30
165,27,8,2018-06-01 17:45:13
166,40,1,2018-06-06 18:03:22
167,24,11,2018-06-12 18:53:38
168,30,9,2018-06-13 14:41:06
169,20,5,2018-06-18 13:08:15
170,24,2,2018-06-18 13:35:55
171,33,1,2018-06-19 14:36:08
172,23,8,2018-06-19 18:15:41
173,29,9,2018-06-26 15:01:36
174,28,9,2018-06-26 18:41:02
175,6,9,2018-06-27 10:00:49
176,40,2,2018-06-29 10:22:47
177,24,5,2018-06-30 18:59:17
178,9,1,2018-07-02 14:07:44
179,39,12,2018-07-02 17:36:10
180,1,9,2018-07-11 15:11:53
181,14,10,2018-07-13 18:49:57
182,30,9,2018-07-14 12:17:03
183,13,11,2018-07-21 11:41:11
184,3,4,2018-08-04 15:48:22
185,23,5,2018-08-08 11:41:02
186,29,3,2018-08-10 16:22:58
187,11,1,2018-08-11 17:22:29
188,25,5,2018-08-11 18:51:19
189,13,1,2018-08-15 12:18:32
190,40,3,2018-08-16 13:16:09
191,38,7,2018-08-17 16:39:14
192,31,2,2018-08-20 11:15:39
193,11,4,2018-08-21 14:41:11
194,34,10,2018-08-22 09:22:15
195,24,1,2018-08-22 09:37:37
196,33,8,2018-08-22 14:30:48
197,35,7,2018-08-24 11:44:15
198,25,12,2018-08-24 16:09:10
199,36,9,2018-08-27 10:08:04
200,26,1,2018-08-28 12:41:54
201,23,9,2018-09-06 09:00:31
202,36,7,2018-09-07 14:15:49
203,34,5,2018-09-08 09:17:41
204,24,8,2018-09-08 17:12:21
205,32,3,2018-09-10 10:55:19
206,5,2,2018-09-10 16:53:18
207,17,10,2018-09-11 18:08:08
208,13,1,2018-09-12 12:45:57
209,25,1,2018-09-15 13:39:05
210,24,8,2018-09-17 12:44:45
211,32,9,2018-09-21 18:53:53
212,31,1,2018-09-24 15:37:13
213,29,9,2018-09-25 17:15:02
214,24,9,2018-09-29 09:50:28
215,38,7,2018-10-01 09:19:05
216,32,10,2018-10-02 11:08:51
217,23,5,2018-10-02 17:49:32
218,35,11,2018-10-04 18:05:45
219,25,9,2018-10-06 09:45:50
220,8,5,2018-10-10 13:15:51
221,4,10,2018-10-10 18:17:25
222,12,7,2018-10-11 13:38:18
223,40,8,2018-10-19 09:05:46
224,36,10,2018-10-19 15:42:36
225,32,9,2018-10-20 15:20:18
226,40,1,2018-10-22 16:59:32
227,26,8,2018-10-24 11:28:47
228,30,8,2018-10-26 17:49:27
229,40,2,2018-10-26 18:21:21
230,40,2,2018-11-05 09:27:52
231,27,8,2018-11-06 10:21:18
232,3,5,2018-11-07 14:12:10
233,40,4,2018-11-15 16:04:05
234,1,5,2018-11-17 14:28:45
235,40,2,2018-11-20 18:32:29
236,7,11,2018-11-21 11:12:30
237,4,9,2018-11-24 14:13:37
238,1,3,2018-11-29 15:51:03
239,26,9,2018-11-30 16:13:31
240,34,2,2018-12-01 12:21:05
241,22,1,2018-12-05 12:14:25
242,25,4,2018-12-10 17:24:32
243,8,5,2018-12-11 15:44:29
244,24,8,2018-12-15 15:09:48
245,14,8,2018-12-15 17:12:37
246,26,8,2018-12-19 11:04:06
247,5,2,2018-12-24 15:04:22
248,25,10,2018-12-25 14:13:01
249,40,6,2018-12-28 09:01:18
250,2,1,2018-12-28 17:58:44
251,40,5,2019-01-01 12:03:57
252,4,5,2019-01-02 16:14:27
253,3,5,2019-01-03 16:42:01
254,6,1,2019-01-08 09:07:54
255,32,3,2019-01-09 11:11:49
256,29,8,2019-01-09 17:21:44
257,35,9,2019-01-10 15:36:14
258,24,5,2019-01-14 11:19:30
259,5,12,2019-01-18 11:41:19
260,12,1,2019-01-22 14:44:12
261,23,4,2019-01-23 09:43:55
262,40,3,2019-01-30 09:27:26
263,40,2,2019-02-05 18:27:58
264,25,5,2019-02-06 17:11:24
265,21,5,2019-02-07 13:26:18
266,1,1,2019-02-08 18:36:34
267,27,1,2019-02-09 10:45:13
268,38,8,2019-02-11 11:34:39
269,40,6,2019-02-13 11:42:07
270,24,4,2019-02-13 18:25:10
271,27,8,2019-02-13 18:49:54
272,23,10,2019-02-21 16:35:32
273,7,6,2019-02-25 15:40:25
274,40,8,2019-02-25 16:04:15
275,16,12,2019-03-19 12:09:24
276,28,8,2019-03-23 17:39:09
277,13,1,2019-03-28 12:25:11
278,15,7,2019-03-28 18:06:36
279,5,5,2019-04-02 16:41:40
280,32,5,2019-04-09 17:45:33
281,12,10,2019-04-12 15:27:52
282,23,11,2019-04-16 10:39:46
283,10,1,2019-04-19 14:43:39
284,7,2,2019-04-22 10:09:17
285,33,10,2019-04-25 10:40:50
286,24,8,2019-04-26 09:22:41
287,31,5,2019-05-08 13:12:06
288,22,1,2019-05-11 10:21:57
289,12,12,2019-05-13 09:29:15
290,28,1,2019-05-13 16:44:03
291,26,9,2019-05-15 15:10:55
292,28,3,2019-05-16 15:23:50
293,25,10,2019-05-17 13:07:44
294,6,4,2019-05-20 16:47:28
295,32,10,2019-05-22 14:10:40
296,40,2,2019-05-24 16:27:11
297,24,9,2019-05-25 11:54:10
298,7,3,2019-05-25 14:46:27
299,1,9,2019-05-25 15:54:04
300,40,5,2019-05-27 18:47:16
301,24,2,2019-05-29 11:30:02
302,4,11,2019-05-30 18:57:04
303,13,6,2019-06-03 13:00:34
304,1,8,2019-06-05 10:46:35
305,18,11,2019-06-05 12:25:39
306,10,1,2019-06-05 13:07:52
307,24,8,2019-06-06 10:13:02
308,18,10,2019-06-06 12:02:20
309,38,1,2019-06-08 09:25:00
310,19,5,2019-06-08 11:25:01
311,2,2,2019-06-10 10:31:39
312,23,11,2019-06-10 13:57:14
313,33,7,2019-06-12 11:49:19
314,19,1,2019-06-12 14:48:30
315,31,12,2019-06-14 15:04:47
316,17,8,2019-06-15 16:50:08
317,6,5,2019-06-21 12:57:55
318,16,4,2019-06-21 13:20:01
319,24,12,2019-06-24 16:56:30
320,40,7,2019-06-24 17:58:19
321,20,5,2019-06-25 15:47:29
322,32,7,2019-06-25 17:22:25
323,24,5,2019-06-26 10:31:06
324,5,5,2019-06-26 13:20:25
325,22,1,2019-06-27 14:15:28
326,2,9,2019-06-28 17:58:14
327,17,5,2019-07-02 09:55:51
328,32,2,2019-07-02 15:31:11
329,18,7,2019-07-17 17:52:03
330,25,6,2019-07-22 14:48:42
331,40,1,2019-07-23 14:26:32
332,32,12,2019-07-24 09:19:45
333,22,5,2019-07-24 14:29:43
334,19,5,2019-07-31 14:17:31
335,11,5,2019-08-02 18:54:36
336,27,5,2019-08-12 16:15:00
337,4,1,2019-08-13 11:21:06
338,40,6,2019-08-14 16:49:46
339,25,7,2019-08-17 15:07:12
340,40,2,2019-08-19 14:43:05
341,27,5,2019-08-22 18:29:56
342,40,4,2019-08-24 16:50:16
343,40,9,2019-08-26 17:09:19
344,15,2,2019-08-28 10:08:35
345,5,2,2019-08-29 17:44:00
346,23,3,2019-08-30 13:35:12
347,22,8,2019-08-30 17:00:29
348,40,5,2019-08-31 16:32:40
349,27,7,2019-09-02 14:53:13
350,22,1,2019-09-03 11:24:13
351,33,2,2019-09-04 14:13:03
352,28,9,2019-09-06 11:06:43
353,19,5,2019-09-06 18:51:57
354,23,8,2019-09-07 12:55:56
355,24,6,2019-09-07 15:31:20
356,24,7,2019-09-09 09:41:38
357,40,8,2019-09-11 18:33:58
358,40,4,2019-09-14 15:26:53
359,3,9,2019-09-16 16:07:36
360,33,12,2019-09-21 10:17:51
361,20,6,2019-09-21 11:14:50
362,28,12,2019-09-23 10:28:12
363,2,5,2019-09-23 12:46:40
364,14,8,2019-09-24 17:23:48
365,2,8,2019-09-26 18:06:57
366,13,1,2019-09-30 10:33:50
367,28,8,2019-10-03 13:31:18
368,17,5,2019-10-05 10:42:10
369,34,10,2019-10-09 11:14:29
370,5,2,2019-10-14 16:09:40
371,23,2,2019-10-15 12:35:30
372,26,5,2019-10-15 15:01:20
373,32,4,2019-10-15 18:52:23
374,40,1,2019-10-16 13:00:22
375,26,8,2019-10-19 18:05:29
376,24,1,2019-10-21 09:53:13
377,10,5,2019-10-21 16:28:57
378,14,9,2019-10-21 18:08:36
379,25,8,2019-10-22 09:44:11
380,3,10,2019-10-22 13:39:31
381,16,10,2019-10-24 13:15:24
382,25,7,2019-10-25 13:31:29
383,28,4,2019-10-25 17:26:33
384,24,5,2019-10-25 18:11:32
385,5,5,2019-10-26 11:17:35
386,5,7,2019-10-28 12:31:50
387,32,10,2019-10-31 13:27:38
388,34,8,2019-11-01 11:48:15
389,24,8,2019-11-02 12:12:58
390,37,7,2019-11-04 15:50:49
391,21,7,2019-11-07 18:50:25
392,18,10,2019-11-11 16:02:24
393,25,5,2019-11-14 12:17:34
394,32,2,2019-11-16 10:34:30
395,32,7,2019-11-16 16:35:40
396,8,5,2019-11-18 14:18:21
397,5,2,2019-11-19 16:08:36
398,3,4,2019-11-20 09:21:06
399,4,2,2019-11-20 17:52:47
400,13,1,2019-11-23 11:00:17
401,7,2,2019-11-23 12:32:19
402,11,1,2019-11-27 09:09:31
403,39,1,2019-11-27 12:33:27
404,24,11,2019-11-29 15:00:36
405,33,5,2019-11-29 17:44:17
406,23,9,2019-12-02 12:50:44
407,36,12,2019-12-04 10:37:36
408,18,5,2019-12-05 11:46:46
409,27,8,2019-12-09 14:11:30
410,14,10,2019-12-09 15:51:18
411,8,2,2019-12-09 16:00:08
412,13,8,2019-12-10 09:31:46
413,1,5,2019-12-10 10:57:53
414,35,10,2019-12-10 12:59:01
415,29,3,2019-12-10 13:17:01
416,29,2,2019-12-13 18:15:04
417,12,2,2019-12-18 18:41:06
418,40,1,2019-12-21 14:20:22
419,16,5,2019-12-23 13:59:48
420,26,2,2019-12-23 16:51:42
421,24,10,2019-12-25 16:31:16
422,28,12,2019-12-26 14:59:33
423,28,1,2019-12-26 16:14:37
424,37,6,2019-12-26 18:25:10
425,40,1,2019-12-28 16:28:49
426,19,5,2020-01-04 18:47:11
427,3,10,2020-01-06 10:04:53
428,40,9,2020-01-07 09:07:24
429,22,12,2020-01-07 17:47:45
430,31,5,2020-01-13 14:08:39
431,32,10,2020-01-14 09:08:02
432,27,3,2020-01-14 18:03:30
433,23,8,2020-01-15 17:03:20
434,6,7,2020-01-18 12:27:14
435,33,5,2020-01-20 11:40:00
436,37,3,2020-01-21 14:16:39
437,22,11,2020-01-24 09:31:44
438,24,9,2020-01-24 10:12:35
439,34,10,2020-01-28 11:47:11
440,22,6,2020-01-30 11:54:54
441,3,6,2020-02-01 13:13:02
442,35,10,2020-02-03 10:38:23
443,31,2,2020-02-03 15:58:30
444,20,1,2020-02-04 16:32:37
445,23,8,2020-02-05 17:14:37
446,10,2,2020-02-07 12:28:48
447,36,10,2020-02-10 16:46:36
448,24,8,2020-02-11 16:03:03
449,24,5,2020-02-12 09:47:58
450,40,6,2020-02-18 12:43:26
451,20,4,2020-02-21 15:30:58
452,24,8,2020-02-22 12:00:08
453,1,1,2020-02-22 16:50:13
454,12,7,2020-02-25 16:25:49
455,3,1,2020-02-26 15:42:56
456,31,5,2020-02-28 14:57:05
457,34,10,2020-03-02 09:14:29
458,39,5,2020-03-02 12:44:35
459,25,8,2020-03-03 14:06:14
460,26,9,2020-03-07 14:22:45
461,32,10,2020-03-12 12:46:21
462,23,8,2020-03-13 18:04:27
463,30,5,2020-03-18 14:40:32
464,3,1,2020-03-19 17:47:25
465,5,2,2020-03-26 11:31:36
466,24,11,2020-03-28 12:49:07
467,37,5,2020-04-06 10:07:44
468,26,8,2020-04-06 16:50:36
469,28,10,2020-04-10 15:15:02
470,23,12,2020-04-13 16:48:35
471,26,8,2020-04-16 11:39:40
472,35,2,2020-04-16 18:55:29
473,7,10,2020-04-21 14:14:06
474,25,7,2020-04-21 17:34:56
475,2,2,2020-04-22 09:39:02
476,6,7,2020-04-23 09:16:43
477,33,2,2020-04-25 18:43:41
478,24,8,2020-05-01 15:52:54
479,33,9,2020-05-07 11:58:36
480,36,7,2020-05-13 13:31:12
481,13,1,2020-05-16 18:02:35
482,40,9,2020-05-18 17:29:31
483,18,4,2020-05-21 14:01:34
484,40,8,2020-05-23 09:23:34
485,35,10,2020-05-26 18:50:45
486,33,5,2020-05-29 10:21:01
487,21,12,2020-05-29 15:24:30
488,1,8,2020-06-01 16:52:59
489,37,1,2020-06-03 18:37:47
490,23,8,2020-06-04 15:31:46
491,28,1,2020-06-05 12:05:13
492,10,5,2020-06-09 18:15:31
493,3,8,2020-06-10 12:11:38
494,40,9,2020-06-10 14:23:13
495,13,2,2020-06-11 18:26:12
496,4,11,2020-06-13 09:22:02
497,32,7,2020-06-13 17:29:54
498,34,9,2020-06-15 09:20:40
499,13,6,2020-06-15 13:16:47
500,24,8,2020-06-15 16:48:09
501,3,12,2020-06-16 09:05:14
502,15,5,2020-06-16 10:28:08
503,32,2,2020-06-18 18:40:37
504,24,9,2020-06-20 11:55:41
505,24,5,2020-06-20 15:47:14
506,36,10,2020-06-23 09:32:40
507,34,10,2020-06-24 18:16:06
508,23,11,2020-06-25 17:23:07
509,31,6,2020-07-03 17:17:42
510,17,8,2020-07-04 09:17:34
511,2,2,2020-07-04 12:15:25
512,16,4,2020-07-06 15:48:02
513,27,1,2020-07-07 15:59:05
514,33,8,2020-07-07 16:15:21
515,32,4,2020-07-09 12:42:37
516,23,12,2020-07-10 14:54:52
517,13,1,2020-07-10 17:09:17
518,23,3,2020-07-11 13:03:23
519,28,5,2020-07-13 12:49:24
520,30,5,2020-07-17 15:33:15
521,24,4,2020-07-20 12:01:54
522,30,8,2020-07-20 13:43:40
523,34,10,2020-07-21 10:58:17
524,24,8,2020-07-21 12:58:09
525,13,1,2020-07-27 11:33:08
526,25,2,2020-07-27 13:17:56
527,23,2,2020-07-27 17:56:57
528,24,7,2020-07-28 09:22:31
529,5,10,2020-07-29 15:08:01
530,32,1,2020-08-01 11:49:14
531,24,1,2020-08-03 18:00:53
532,40,7,2020-08-05 10:16:49
533,37,12,2020-08-06 09:35:43
534,28,9,2020-08-06 13:23:21
535,32,10,2020-08-08 09:56:49
536,40,11,2020-08-10 18:59:47
537,26,8,2020-08-11 10:00:04
538,24,8,2020-08-11 12:49:06
539,7,1,2020-08-14 11:42:13
540,33,8,2020-08-14 14:11:29
541,12,2,2020-08-20 16:51:41
542,35,1,2020-08-22 15:28:39
543,30,3,2020-08-22 17:17:03
544,27,8,2020-08-24 09:37:49
545,40,8,2020-08-25 12:58:16
546,6,3,2020-08-25 15:30:25
547,12,5,2020-08-26 09:13:51
548,32,10,2020-08-26 18:17:00
549,4,3,2020-08-27 11:34:09
550,40,1,2020-08-27 11:55:59
551,38,5,2020-08-28 13:47:50
552,40,4,2020-09-02 13:53:38
553,40,5,2020-09-08 10:20:26
554,2,3,2020-09-10 09:43:20
555,34,8,2020-09-10 17:36:06
556,5,2,2020-09-11 15:35:26
557,27,9,2020-09-12 14:46:20
558,40,5,2020-09-12 15:05:54
559,40,8,2020-09-17 11:44:45
560,40,9,2020-09-17 12:37:43
561,24,1,2020-09-17 13:37:08
562,6,10,2020-09-17 16:20:28
563,14,1,2020-09-21 15:47:55
564,37,2,2020-09-22 14:44:55
565,40,5,2020-09-25 15:39:47
566,31,9,2020-09-25 18:18:47
567,40,1,2020-09-28 12:50:37
568,38,8,2020-09-29 12:24:49
569,3,2,2020-09-29 16:45:26
570,40,2,2020-10-01 10:11:54
571,2,11,2020-10-02 13:56:50
572,24,6,2020-10-02 14:50:23
573,1,2,2020-10-02 15:51:03
574,5,9,2020-10-05 16:14:01
575,27,2,2020-10-07 09:32:06
576,34,8,2020-10-08 10:18:16
577,21,9,2020-10-08 16:54:34
578,31,4,2020-10-09 18:31:52
579,13,1,2020-10-10 12:34:18
580,38,8,2020-10-12 14:33:22
581,34,5,2020-10-12 16:52:14
582,24,7,2020-10-13 11:13:01
583,40,9,2020-10-14 11:09:24
584,40,10,2020-10-14 12:57:46
585,40,3,2020-10-15 11:12:26
586,35,9,2020-10-15 11:26:25
587,24,1,2020-10-15 15:54:19
588,40,10,2020-10-15 15:55:44
589,25,10,2020-10-16 18:16:57
590,25,8,2020-10-17 13:08:41
591,24,7,2020-10-17 17:27:40
592,24,8,2020-10-19 12:20:46
593,38,7,2020-10-20 14:01:52
594,26,1,2020-10-28 18:21:11
595,40,8,2020-10-31 12:35:06
596,26,2,2020-11-04 17:39:10
597,7,5,2020-11-05 14:04:42
598,25,8,2020-11-05 15:12:15
599,33,1,2020-11-06 10:40:17
600,24,12,2020-11-07 14:22:14
601,24,8,2020-11-07 16:46:16
602,16,7,2020-11-07 17:53:05
603,24,5,2020-11-09 10:06:51
604,40,4,2020-11-09 12:20:09
605,40,1,2020-11-09 18:10:03
606,4,1,2020-11-12 11:37:39
607,23,2,2020-11-13 13:11:54
608,27,5,2020-11-14 12:46:36
609,6,5,2020-11-16 09:54:34
610,15,1,2020-11-16 15:10:27
611,24,8,2020-11-18 14:36:35
612,10,8,2020-11-18 17:15:54
613,26,2,2020-11-19 14:09:40
614,34,10,2020-11-19 14:24:09
615,15,9,2020-11-19 15:48:59
616,11,6,2020-11-21 14:42:24
617,40,1,2020-11-21 18:21:42
618,13,7,2020-11-26 13:17:43
619,40,4,2020-11-26 14:43:07
620,24,2,2020-11-27 14:43:25
621,34,5,2020-11-27 16:41:13
622,11,5,2020-12-01 12:07:10
623,31,4,2020-12-01 13:44:45
624,24,1,2020-12-03 11:42:00
625,29,5,2020-12-03 11:47:46
626,1,1,2020-12-03 13:49:25
627,36,2,2020-12-05 09:37:13
628,26,8,2020-12-05 10:37:25
629,38,11,2020-12-05 10:44:34
630,20,9,2020-12-07 11:58:23
631,26,5,2020-12-07 12:28:53
632,33,5,2020-12-07 16:25:59
633,24,6,2020-12-08 09:53:34
634,5,12,2020-12-08 17:16:41
635,27,8,2020-12-09 09:18:23
636,24,7,2020-12-10 14:01:10
637,29,5,2020-12-10 17:58:14
638,28,6,2020-12-11 09:44:41
639,24,4,2020-12-11 16:11:08
640,31,5,2020-12-11 18:17:53
641,23,8,2020-12-16 09:19:54
642,40,5,2020-12-16 09:34:28
643,10,1,2020-12-18 18:24:31
644,25,1,2020-12-19 16:19:24
645,25,8,2020-12-21 10:22:45
646,37,5,2020-12-21 10:36:02
647,35,8,2020-12-22 11:52:23
648,23,9,2020-12-24 11:26:51
649,24,5,2020-12-25 17:52:53
650,8,5,2020-12-28 17:32:18
651,26,8,2021-01-05 11:17:36
652,1,5,2021-01-06 14:54:25
653,21,6,2021-01-09 12:18:52
654,9,3,2021-01-16 09:35:20
655,6,2,2021-01-16 11:02:55
656,25,8,2021-01-16 14:58:06
657,24,5,2021-01-19 13:43:44
658,33,5,2021-01-21 16:00:01
659,24,8,2021-01-27 15:35:46
660,35,8,2021-01-29 11:09:53
661,21,5,2021-02-06 11:18:07
662,24,5,2021-02-06 15:38:28
663,14,10,2021-02-10 15:38:45
664,30,3,2021-02-11 13:13:53
665,27,2,2021-02-13 15:48:16
666,37,3,2021-02-15 12:23:21
667,15,1,2021-02-15 12:35:14
668,32,8,2021-02-16 14:08:18
669,24,8,2021-02-19 17:40:53
670,31,5,2021-02-20 09:44:05
671,24,10,2021-02-23 17:24:30
672,24,2,2021-02-24 09:35:22
673,29,9,2021-02-27 15:50:04
674,25,4,2021-02-27 18:13:05
675,40,9,2021-03-04 15:21:05
676,26,12,2021-03-06 12:25:14
677,3,1,2021-03-06 18:11:46
678,1,11,2021-03-06 18:23:57
679,24,5,2021-03-08 17:23:50
680,24,4,2021-03-10 09:46:38
681,5,4,2021-03-12 11:56:50
682,6,5,2021-03-15 12:57:37
683,14,1,2021-03-16 12:10:59
684,33,10,2021-03-18 17:04:56
685,7,1,2021-03-19 15:13:35
686,24,7,2021-03-22 11:37:01
687,30,5,2021-03-25 17:43:51
688,10,1,2021-03-26 10:10:33
689,40,10,2021-03-26 13:41:40
690,35,10,2021-03-29 11:21:43
691,24,8,2021-03-29 13:13:54
692,37,1,2021-03-30 10:34:59
693,34,10,2021-03-30 14:13:27
694,5,1,2021-04-01 14:01:44
695,23,9,2021-04-02 17:43:41
696,11,9,2021-04-05 09:14:16
697,1,1,2021-04-05 11:13:43
698,23,5,2021-04-06 16:43:44
699,40,7,2021-04-07 10:39:43
700,21,6,2021-04-07 15:33:51
701,33,2,2021-04-09 13:53:44
702,24,1,2021-04-12 13:17:48
703,26,9,2021-04-12 16:03:18
704,32,12,2021-04-12 18:07:43
705,40,1,2021-04-15 14:54:31
706,34,7,2021-04-15 17:23:59
707,13,7,2021-04-16 11:56:41
708,25,10,2021-04-16 18:34:26
709,35,6,2021-04-17 11:20:01
710,39,2,2021-04-19 10:02:10
711,23,9,2021-04-19 10:40:09
712,24,7,2021-04-19 16:17:02
713,29,9,2021-04-20 12:45:48
714,24,12,2021-04-20 13:34:29
715,25,8,2021-04-22 14:13:43
716,3,2,2021-04-23 10:02:52
717,2,7,2021-04-24 09:22:30
718,13,1,2021-04-24 10:06:26
719,27,8,2021-04-24 11:44:11
720,21,7,2021-04-26 10:40:34
721,25,8,2021-04-26 18:47:29
722,39,1,2021-05-03 09:50:43
723,32,8,2021-05-03 11:42:35
724,13,2,2021-05-07 12:47:16
725,24,4,2021-05-10 10:04:21
726,24,8,2021-05-13 15:55:13
727,30,8,2021-05-13 17:20:58
728,30,8,2021-05-14 10:04:19
729,22,2,2021-05-17 12:11:59
730,24,8,2021-05-17 16:45:33
731,17,9,2021-05-19 09:17:34
732,21,2,2021-05-19 14:34:55
733,35,1,2021-05-24 15:32:34
734,32,1,2021-05-29 09:36:56
735,5,7,2021-05-29 13:41:36
736,25,8,2021-06-01 13:51:57
737,40,4,2021-06-03 16:00:28
738,24,8,2021-06-03 18:16:23
739,24,9,2021-06-07 14:09:03
740,24,7,2021-06-08 12:08:02
741,32,8,2021-06-10 14:52:28
742,32,8,2021-06-12 16:48:57
743,39,2,2021-06-14 13:04:20
744,6,5,2021-06-15 11:49:29
745,35,10,2021-06-15 13:39:28
746,13,9,2021-06-15 13:59:02
747,24,9,2021-06-16 14:39:12
748,20,5,2021-06-17 11:46:32
749,12,4,2021-06-19 15:16:40
750,35,7,2021-06-21 11:05:22
751,35,8,2021-06-25 10:17:42
752,24,8,2021-06-25 15:19:50
753,9,9,2021-06-28 10:31:59
754,26,9,2021-06-28 13:09:05
755,25,8,2021-06-29 15:22:38
756,10,6,2021-06-30 12:33:57
757,10,11,2021-06-30 14:45:36
758,22,7,2021-07-02 09:53:50
759,16,2,2021-07-02 11:20:22
760,26,9,2021-07-02 12:19:05
761,24,11,2021-07-02 17:30:04
762,34,1,2021-07-02 18:28:18
763,33,1,2021-07-03 18:27:22
764,4,8,2021-07-05 14:16:17
765,24,6,2021-07-06 13:23:08
766,32,1,2021-07-08 13:22:38
767,24,8,2021-07-09 10:58:01
768,21,7,2021-07-13 18:32:39
769,40,2,2021-07-17 10:23:50
770,40,11,2021-07-17 12:10:31
771,32,5,2021-07-19 10:43:02
772,1,12,2021-07-19 15:13:52
773,15,2,2021-07-20 09:50:08
774,24,10,2021-07-20 18:54:40
775,34,9,2021-07-21 18:13:49
776,34,5,2021-07-23 17:45:31
777,29,9,2021-07-27 10:10:03
778,26,9,2021-07-27 18:06:21
779,30,9,2021-07-29 18:01:12
780,32,10,2021-07-30 12:51:45
781,13,8,2021-07-30 17:53:22
782,10,1,2021-07-31 10:47:58
783,6,2,2021-08-06 15:44:14
784,5,2,2021-08-07 12:00:42
785,32,8,2021-08-10 15:45:02
786,26,10,2021-08-11 14:24:50
787,2,5,2021-08-14 15:14:23
788,3,8,2021-08-14 16:28:12
789,13,8,2021-08-17 10:13:10
790,24,10,2021-08-17 13:31:39
791,6,2,2021-08-18 15:11:14
792,33,2,2021-08-19 10:03:03
793,20,5,2021-08-19 12:32:08
794,40,1,2021-08-20 12:55:14
795,24,5,2021-08-20 16:58:12
796,29,1,2021-08-23 11:40:47
797,40,10,2021-08-23 11:48:31
798,32,5,2021-08-23 16:38:07
799,23,9,2021-08-23 17:05:05
800,26,8,2021-08-24 13:53:41
801,18,6,2021-08-27 13:56:18
802,21,5,2021-08-30 15:20:24
803,28,9,2021-09-02 12:38:39
804,32,5,2021-09-02 12:52:32
805,5,5,2021-09-02 18:29:39
806,19,10,2021-09-03 17:42:34
807,29,5,2021-09-04 12:49:09
808,22,5,2021-09-04 13:32:20
809,40,4,2021-09-06 14:15:15
810,32,5,2021-09-07 09:10:21
811,7,7,2021-09-07 18:33:48
812,24,8,2021-09-08 13:05:08
813,1,2,2021-09-09 10:00:57
814,40,10,2021-09-09 16:29:28
815,20,11,2021-09-09 18:08:23
816,25,5,2021-09-10 14:32:09
817,30,9,2021-09-13 11:25:41
818,25,12,2021-09-13 14:20:45
819,21,6,2021-09-13 16:42:59
820,12,1,2021-09-14 17:23:07
821,6,10,2021-09-15 16:31:21
822,29,9,2021-09-17 10:45:11
823,21,6,2021-09-17 16:52:42
824,35,1,2021-09-20 09:33:58
825,25,3,2021-09-20 12:45:17
826,30,9,2021-09-21 16:24:14
827,34,6,2021-09-22 09:36:54
828,40,8,2021-09-23 12:55:09
829,24,8,2021-09-23 13:11:39
830,26,8,2021-09-25 10:41:42
831,13,9,2021-09-27 17:02:25
832,25,8,2021-09-27 18:57:35
833,24,1,2021-09-28 14:30:45
834,40,7,2021-09-29 09:53:10
835,13,9,2021-09-29 16:36:19
836,40,9,2021-09-29 18:30:45
837,33,2,2021-09-30 15:01:40
838,25,8,2021-09-30 16:12:12
839,40,2,2021-10-01 09:59:51
840,4,4,2021-10-02 09:54:52
841,23,8,2021-10-04 09:42:44
842,17,5,2021-10-05 12:36:55
843,13,1,2021-10-05 12:55:10
844,26,9,2021-10-06 18:41:06
845,13,2,2021-10-07 18:21:27
846,14,2,2021-10-08 09:40:31
847,40,7,2021-10-12 14:37:15
848,25,8,2021-10-13 12:18:58
849,33,9,2021-10-13 12:30:48
850,21,3,2021-10-13 12:37:11
851,35,9,2021-10-13 16:57:26
852,21,12,2021-10-14 16:55:54
853,10,7,2021-10-15 10:02:31
854,18,4,2021-10-16 09:09:12
855,13,6,2021-10-16 11:34:24
856,36,5,2021-10-16 11:51:28
857,34,10,2021-10-18 09:30:43
858,6,2,2021-10-18 11:35:34
859,12,8,2021-10-21 10:22:32
860,32,5,2021-10-21 12:24:26
861,24,8,2021-10-21 14:40:02
862,39,3,2021-10-21 15:40:55
863,32,6,2021-10-22 09:09:11
864,32,10,2021-10-22 10:22:06
865,4,1,2021-10-23 12:43:57
866,7,9,2021-10-23 16:20:25
867,5,5,2021-10-25 17:21:05
868,24,8,2021-10-26 09:01:52
869,28,12,2021-10-26 13:57:44
870,28,8,2021-10-27 16:47:53
871,13,8,2021-10-28 12:41:54
872,31,9,2021-10-30 15:12:31
873,24,2,2021-11-01 13:08:56
874,10,1,2021-11-01 15:01:09
875,23,10,2021-11-02 17:15:15
876,33,12,2021-11-02 18:31:25
877,13,9,2021-11-03 14:16:46
878,28,8,2021-11-04 14:13:19
879,4,5,2021-11-08 13:03:15
880,30,1,2021-11-10 12:15:54
881,9,5,2021-11-10 18:53:40
882,25,9,2021-11-11 09:52:16
883,32,5,2021-11-11 16:22:06
884,29,10,2021-11-12 14:33:55
885,36,8,2021-11-13 11:14:57
886,13,10,2021-11-15 18:10:49
887,24,10,2021-11-17 11:06:40
888,40,11,2021-11-17 12:32:52
889,23,8,2021-11-19 16:07:35
890,18,6,2021-11-20 14:59:27
891,29,9,2021-11-20 17:35:15
892,19,9,2021-11-22 13:15:47
893,39,5,2021-11-23 16:23:29
894,23,11,2021-11-24 18:42:39
895,20,11,2021-11-27 15:06:29
896,32,5,2021-11-29 10:44:29
897,8,1,2021-12-01 09:32:49
898,31,1,2021-12-01 14:47:42
899,11,5,2021-12-03 15:48:00
900,16,2,2021-12-03 16:17:37
901,37,7,2021-12-03 16:44:03
902,14,12,2021-12-04 18:50:52
903,18,4,2021-12-06 17:33:03
904,26,8,2021-12-09 11:03:58
905,26,9,2021-12-09 16:12:09
906,24,8,2021-12-11 09:41:23
907,26,5,2021-12-11 10:14:53
908,13,1,2021-12-11 12:53:42
909,26,2,2021-12-13 15:30:34
910,24,7,2021-12-17 09:54:27
911,24,5,2021-12-17 11:13:48
912,36,1,2021-12-17 17:51:09
913,18,5,2021-12-18 12:47:55
914,37,8,2021-12-18 15:07:29
915,32,4,2021-12-20 14:43:36
916,11,8,2021-12-21 10:08:59
917,40,9,2021-12-21 11:05:11
918,12,7,2021-12-21 17:14:53
919,35,3,2021-12-22 15:11:57
920,7,5,2021-12-23 14:08:35
921,38,1,2021-12-24 10:01:50
922,4,10,2021-12-24 12:18:56
923,8,10,2021-12-28 13:08:07
924,23,4,2021-12-28 15:07:24
925,24,1,2021-12-28 15:31:17
926,9,4,2022-01-03 13:39:05
927,1,10,2022-01-03 16:20:20
928,23,8,2022-01-04 11:13:42
929,24,10,2022-01-05 13:09:16
930,34,10,2022-01-05 18:04:45
931,40,2,2022-01-05 18:13:42
932,34,11,2022-01-08 17:09:29
933,6,1,2022-01-08 18:00:36
934,40,9,2022-01-10 18:36:26
935,35,10,2022-01-10 18:51:46
936,40,1,2022-01-11 10:41:46
937,13,7,2022-01-14 10:55:09
938,23,11,2022-01-14 11:31:11
939,18,8,2022-01-14 17:13:30
940,15,2,2022-01-17 16:58:56
941,40,3,2022-01-18 14:41:11
942,28,1,2022-01-19 12:47:17
943,27,8,2022-01-25 14:27:06
944,35,10,2022-01-25 15:59:36
945,8,3,2022-01-27 17:40:22
946,7,8,2022-01-29 09:54:20
947,22,8,2022-01-29 10:12:48
948,40,4,2022-01-29 14:21:59
949,25,8,2022-01-29 14:53:34
950,37,5,2022-01-31 12:59:16
951,25,8,2022-02-01 10:15:17
952,10,12,2022-02-03 09:00:28
953,40,12,2022-02-03 09:15:11
954,38,1,2022-02-05 12:23:56
955,24,8,2022-02-05 14:07:43
956,18,3,2022-02-05 18:39:22
957,40,5,2022-02-09 11:59:05
958,14,3,2022-02-09 14:45:13
959,13,1,2022-02-09 14:56:13
960,33,7,2022-02-09 16:14:11
961,32,3,2022-02-09 17:13:19
962,21,2,2022-02-10 18:43:06
963,30,7,2022-02-12 09:11:19
964,2,2,2022-02-17 13:10:58
965,13,10,2022-02-18 12:41:00
966,32,8,2022-02-18 14:33:25
967,9,8,2022-02-19 15:54:04
968,32,6,2022-02-21 11:27:58
969,40,1,2022-02-23 13:48:39
970,4,5,2022-02-23 14:51:09
971,23,1,2022-02-24 16:08:58
972,27,8,2022-02-26 14:47:03
973,30,7,2022-03-02 18:51:53
974,40,10,2022-03-03 12:41:03
975,23,10,2022-03-04 17:38:02
976,26,8,2022-03-07 13:02:55
977,3,9,2022-03-07 16:31:11
978,24,8,2022-03-08 12:34:40
979,19,12,2022-03-09 09:58:46
980,23,8,2022-03-10 12:40:11
981,32,6,2022-03-10 16:14:19
982,15,5,2022-03-12 13:33:01
983,29,10,2022-03-12 16:33:37
984,27,10,2022-03-15 12:42:11
985,30,5,2022-03-16 11:58:43
986,24,8,2022-03-17 10:19:17
987,15,5,2022-03-17 10:51:50
988,35,10,2022-03-19 15:11:29
989,23,5,2022-03-21 12:45:47
990,1,2,2022-03-24 13:53:57
991,40,4,2022-03-25 09:11:04
992,24,5,2022-03-29 17:44:33
993,34,5,2022-03-30 10:46:46
994,26,5,2022-03-31 14:03:38
995,35,8,2022-03-31 14:29:01
996,10,3,2022-03-31 16:30:56
997,26,10,2022-03-31 18:04:46
998,3,8,2022-04-02 12:41:22
999,30,1,2022-04-04 18:58:57
1000,17,10,2022-04-06 16:54:28
1001,33,2,2022-04-07 17:43:00
1002,30,10,2022-04-09 13:43:38
1003,19,7,2022-04-09 14:43:59
1004,2,7,2022-04-13 11:56:16
1005,25,8,2022-04-18 15:33:56
1006,23,1,2022-04-18 18:35:21
1007,28,8,2022-04-20 12:42:15
1008,2,7,2022-04-20 17:23:25
1009,17,5,2022-04-21 09:38:54
1010,10,1,2022-04-22 17:42:48
1011,38,6,2022-04-23 11:00:23
1012,22,1,2022-04-26 13:35:58
1013,24,8,2022-04-26 17:25:03
1014,34,8,2022-04-29 16:20:48
1015,40,4,2022-05-03 12:59:53
1016,24,11,2022-05-04 09:40:50
1017,35,10,2022-05-04 14:34:51
1018,32,5,2022-05-05 10:48:07
1019,25,5,2022-05-05 13:29:40
1020,23,10,2022-05-05 15:12:47
1021,26,5,2022-05-06 17:06:02
1022,30,8,2022-05-07 14:07:48
1023,40,4,2022-05-10 16:19:48
1024,3,12,2022-05-11 10:31:18
1025,30,6,2022-05-12 11:18:59
1026,29,6,2022-05-13 10:41:07
1027,10,5,2022-05-13 15:59:05
1028,12,1,2022-05-13 16:10:11
1029,25,10,2022-05-13 16:52:02
1030,30,5,2022-05-14 11:23:10
1031,37,10,2022-05-17 16:06:03
1032,6,7,2022-05-19 11:24:38
1033,36,10,2022-05-23 14:51:29
1034,40,7,2022-05-23 15:30:00
1035,2,10,2022-05-24 10:22:14
1036,32,12,2022-05-24 14:21:55
1037,9,5,2022-05-24 18:15:22
1038,4,8,2022-05-25 11:02:30
1039,7,8,2022-05-25 17:22:04
1040,1,2,2022-05-26 13:48:30
1041,8,1,2022-05-27 16:59:25
1042,27,9,2022-05-28 13:38:46
1043,17,5,2022-05-28 15:15:48
1044,31,10,2022-05-31 18:04:50
1045,16,5,2022-06-02 10:18:52
1046,2,7,2022-06-02 14:03:40
1047,30,8,2022-06-07 09:49:06
1048,32,10,2022-06-07 17:06:07
1049,26,8,2022-06-07 18:45:16
1050,13,11,2022-06-08 15:22:08
1051,23,1,2022-06-08 15:39:23
1052,40,2,2022-06-09 11:12:04
1053,21,9,2022-06-09 14:23:11
1054,40,10,2022-06-10 10:10:53
1055,13,2,2022-06-10 11:27:59
1056,27,5,2022-06-11 16:21:47
1057,37,10,2022-06-14 14:56:36
1058,23,2,2022-06-15 09:23:01
1059,39,1,2022-06-16 15:07:40
1060,37,9,2022-06-17 09:19:15
1061,28,3,2022-06-17 13:18:55
1062,40,10,2022-06-17 15:42:27
1063,30,8,2022-06-23 09:33:57
1064,24,1,2022-06-27 15:08:39
1065,21,8,2022-06-28 11:24:01
1066,1,1,2022-06-28 13:06:55
1067,18,12,2022-06-28 17:21:53
1068,32,4,2022-06-29 10:32:03
1069,1,10,2022-06-29 13:35:25
1070,20,5,2022-06-30 13:43:27
1071,16,9,2022-06-30 14:22:50
1072,40,8,2022-07-02 11:34:47
1073,4,2,2022-07-02 18:58:27
1074,32,5,2022-07-06 09:09:38
1075,24,3,2022-07-06 11:19:46
1076,16,1,2022-07-06 12:49:52
1077,40,10,2022-07-06 18:08:50
1078,36,12,2022-07-07 09:44:39
1079,3,12,2022-07-07 11:56:08
1080,35,9,2022-07-08 10:06:28
1081,24,7,2022-07-09 14:03:37
1082,13,2,2022-07-12 16:10:58
1083,28,3,2022-07-13 17:47:32
1084,13,1,2022-07-14 10:16:13
1085,19,5,2022-07-15 11:57:25
1086,23,1,2022-07-16 18:49:00
1087,26,9,2022-07-19 18:06:52
1088,1,8,2022-07-21 09:12:58
1089,14,12,2022-07-21 14:02:28
1090,4,4,2022-07-22 09:00:28
1091,20,5,2022-07-25 13:39:29
1092,6,5,2022-07-25 14:26:17
1093,15,5,2022-07-26 10:34:57
1094,33,1,2022-07-26 17:44:48
1095,37,10,2022-07-29 18:12:56
1096,24,5,2022-08-01 17:36:08
1097,33,11,2022-08-02 17:37:58
1098,21,7,2022-08-05 13:24:50
1099,24,8,2022-08-06 11:12:50
1100,24,9,2022-08-06 11:19:56
1101,28,4,2022-08-08 13:07:27
1102,1,2,2022-08-08 17:59:38
1103,28,9,2022-08-09 10:25:09
1104,34,10,2022-08-11 10:39:08
1105,29,5,2022-08-11 18:16:56
1106,23,10,2022-08-12 11:23:37
1107,33,10,2022-08-13 18:06:35
1108,28,1,2022-08-13 18:48:01
1109,37,7,2022-08-16 17:27:15
1110,4,6,2022-08-17 18:36:08
1111,13,1,2022-08-18 10:34:03
1112,35,9,2022-08-18 12:25:19
1113,1,4,2022-08-19 10:20:25
1114,3,2,2022-08-20 13:30:06
1115,12,9,2022-08-20 16:02:46
1116,36,10,2022-08-20 17:35:08
1117,30,10,2022-08-23 13:26:06
1118,26,10,2022-08-23 15:13:15
1119,24,10,2022-08-24 17:11:24
1120,11,9,2022-08-25 13:33:54
1121,37,2,2022-08-27 17:02:29
1122,5,10,2022-08-29 13:03:15
1123,4,3,2022-08-31 11:49:53
1124,26,8,2022-09-02 18:09:00
1125,24,8,2022-09-03 09:49:42
1126,6,2,2022-09-03 11:31:02
1127,4,1,2022-09-06 12:06:51
1128,19,1,2022-09-06 14:19:43
1129,32,1,2022-09-07 11:19:39
1130,8,1,2022-09-07 14:16:53
1131,5,2,2022-09-08 10:44:41
1132,5,7,2022-09-08 15:45:43
1133,40,2,2022-09-09 10:05:28
1134,33,9,2022-09-09 12:28:36
1135,24,8,2022-09-10 13:07:46
1136,18,5,2022-09-12 09:44:58
1137,5,2,2022-09-12 12:21:18
1138,32,5,2022-09-13 17:26:42
1139,2,5,2022-09-14 17:26:39
1140,40,4,2022-09-15 11:45:56
1141,26,10,2022-09-15 14:51:45
1142,2,10,2022-09-16 15:02:34
1143,33,3,2022-09-17 09:08:39
1144,32,8,2022-09-17 14:13:06
1145,32,10,2022-09-17 17:43:03
1146,31,1,2022-09-20 18:15:58
1147,8,5,2022-09-21 11:34:17
1148,32,7,2022-09-21 12:43:54
1149,1,2,2022-09-21 15:31:36
1150,25,8,2022-09-22 10:50:17
1151,24,5,2022-09-22 11:15:10
1152,15,2,2022-09-22 17:20:24
1153,24,8,2022-09-26 18:28:31
1154,34,7,2022-09-28 10:30:28
1155,40,1,2022-09-28 18:29:39
1156,32,8,2022-09-29 13:28:38
1157,29,2,2022-09-30 10:43:12
1158,24,1,2022-09-30 13:14:58
1159,6,2,2022-09-30 14:46:58
1160,5,10,2022-09-30 15:17:46
1161,24,8,2022-09-30 15:35:13
1162,3,9,2022-10-01 09:47:49
1163,14,1,2022-10-04 17:05:18
1164,24,5,2022-10-05 09:39:33
1165,31,7,2022-10-05 12:01:12
1166,34,9,2022-10-05 15:16:10
1167,10,2,2022-10-06 09:21:04
1168,24,7,2022-10-06 10:01:36
1169,25,8,2022-10-07 10:03:18
1170,7,3,2022-10-07 15:39:37
1171,23,5,2022-10-08 18:35:05
1172,24,9,2022-10-10 10:14:26
1173,40,5,2022-10-10 12:12:21
1174,6,1,2022-10-11 09:50:17
1175,3,10,2022-10-12 11:38:29
1176,7,8,2022-10-12 15:32:18
1177,25,8,2022-10-12 16:34:28
1178,24,8,2022-10-12 17:02:09
1179,13,2,2022-10-13 10:49:48
1180,2,8,2022-10-13 11:09:47
1181,13,1,2022-10-14 15:19:05
1182,28,5,2022-10-14 17:13:51
1183,35,5,2022-10-17 14:00:08
1184,24,11,2022-10-17 16:11:12
1185,40,10,2022-10-18 16:56:21
1186,36,4,2022-10-20 10:51:24
1187,12,4,2022-10-20 14:51:08
1188,24,1,2022-10-21 14:35:20
1189,26,8,2022-10-25 15:28:46
1190,30,2,2022-10-26 10:32:22
1191,40,9,2022-10-29 16:11:19
1192,40,1,2022-10-29 16:53:05
1193,23,7,2022-10-29 18:57:54
1194,10,3,2022-10-31 10:38:36
1195,23,5,2022-11-01 17:05:33
1196,4,12,2022-11-03 17:52:00
1197,1,2,2022-11-04 10:47:32
1198,13,7,2022-11-04 18:13:08
1199,35,10,2022-11-05 13:53:59
1200,13,1,2022-11-05 17:14:36
1201,30,1,2022-11-07 10:42:31
1202,10,1,2022-11-08 09:10:45
1203,1,2,2022-11-08 11:24:10
1204,22,8,2022-11-08 14:44:08
1205,17,12,2022-11-08 15:18:44
1206,15,5,2022-11-08 17:04:13
1207,40,7,2022-11-09 14:08:05
1208,12,10,2022-11-10 12:17:28
1209,3,8,2022-11-10 15:08:49
1210,32,9,2022-11-10 15:28:06
1211,34,1,2022-11-11 18:56:39
1212,6,8,2022-11-12 11:22:01
1213,17,1,2022-11-12 13:03:30
1214,24,9,2022-11-12 15:16:26
1215,16,5,2022-11-14 09:31:49
1216,24,2,2022-11-14 12:16:48
1217,13,9,2022-11-14 13:12:00
1218,39,2,2022-11-15 11:04:39
1219,18,5,2022-11-15 14:40:38
1220,2,8,2022-11-15 15:03:06
1221,36,7,2022-11-15 18:01:44
1222,32,3,2022-11-16 17:15:58
1223,24,7,2022-11-17 09:59:07
1224,39,5,2022-11-18 14:45:30
1225,20,6,2022-11-18 15:12:05
1226,14,8,2022-11-18 18:30:17
1227,11,1,2022-11-19 15:00:53
1228,23,5,2022-11-21 15:45:41
1229,36,4,2022-11-21 18:15:39
1230,24,5,2022-11-23 15:04:41
1231,29,2,2022-11-23 16:58:12
1232,11,11,2022-11-24 12:02:28
1233,3,5,2022-11-24 16:48:38
1234,7,7,2022-11-24 17:35:14
1235,40,9,2022-11-26 10:51:33
1236,2,2,2022-11-28 14:28:33
1237,32,10,2022-11-28 14:43:14
1238,13,11,2022-11-28 15:15:02
1239,23,4,2022-11-28 15:44:11
1240,32,9,2022-11-29 10:38:23
1241,1,8,2022-11-29 15:59:41
1242,25,8,2022-11-30 16:28:00
1243,25,9,2022-11-30 16:28:28
1244,34,9,2022-12-01 09:19:28
1245,40,7,2022-12-01 16:08:18
1246,5,1,2022-12-01 16:13:59
1247,13,10,2022-12-01 17:28:07
1248,33,9,2022-12-05 10:43:53
1249,28,9,2022-12-05 18:15:46
1250,33,5,2022-12-09 11:57:23
1251,32,8,2022-12-10 09:56:14
1252,33,1,2022-12-10 11:13:31
1253,4,2,2022-12-10 16:14:33
1254,30,10,2022-12-12 12:24:30
1255,28,9,2022-12-13 17:38:43
1256,2,12,2022-12-13 18:38:11
1257,5,2,2022-12-15 10:49:09
1258,1,2,2022-12-17 12:00:15
1259,39,6,2022-12-17 12:34:08
1260,12,10,2022-12-19 10:49:21
1261,17,5,2022-12-19 14:07:24
1262,9,1,2022-12-20 09:00:08
1263,33,5,2022-12-21 13:56:58
1264,30,1,2022-12-22 09:03:43
1265,25,8,2022-12-22 12:10:59
1266,26,12,2022-12-22 14:02:47
1267,1,10,2022-12-22 14:05:37
1268,29,8,2022-12-26 18:20:42
1269,36,5,2022-12-27 15:18:51
1270,40,9,2022-12-28 11:19:16
1271,24,8,2022-12-30 14:23:05
1272,37,2,2022-12-30 17:49:31
1273,9,5,2022-12-30 17:56:38
1274,14,1,2022-12-31 12:23:45
1275,2,9,2022-12-31 13:28:27
1276,28,9,2023-01-06 14:57:27
1277,40,12,2023-01-10 14:53:46
1278,28,1,2023-01-11 09:25:04
1279,33,1,2023-01-11 14:39:08
1280,24,8,2023-01-12 09:07:12
1281,32,10,2023-01-12 09:36:36
1282,29,1,2023-01-14 17:43:50
1283,2,12,2023-01-17 18:22:30
1284,25,5,2023-01-19 15:09:12
1285,40,5,2023-01-20 13:47:46
1286,19,8,2023-01-20 14:40:10
1287,32,3,2023-01-21 09:36:57
1288,3,5,2023-01-24 16:36:35
1289,25,8,2023-01-25 09:56:20
1290,23,8,2023-01-25 10:03:08
1291,28,6,2023-01-25 12:04:09
1292,40,9,2023-01-26 13:54:33
1293,3,2,2023-01-27 11:22:05
1294,12,4,2023-01-27 17:13:45
1295,39,9,2023-01-28 10:03:08
1296,25,8,2023-01-30 11:55:43
1297,35,5,2023-01-30 13:00:28
1298,40,1,2023-01-30 16:17:04
1299,25,5,2023-01-31 16:26:47
1300,3,9,2023-02-02 10:26:43
1301,2,3,2023-02-06 10:21:54
1302,30,5,2023-02-07 14:38:38
1303,6,3,2023-02-10 13:10:58
1304,40,5,2023-02-10 14:24:39
1305,35,8,2023-02-13 16:53:48
1306,28,2,2023-02-16 12:27:15
1307,23,8,2023-02-17 11:38:34
1308,1,1,2023-02-17 12:23:27
1309,5,1,2023-02-18 16:31:11
1310,6,7,2023-02-21 09:38:51
1311,24,8,2023-02-21 15:58:13
1312,24,5,2023-02-21 18:43:23
1313,28,5,2023-02-22 13:54:11
1314,40,5,2023-02-24 18:51:51
1315,11,1,2023-02-27 16:05:41
1316,30,9,2023-02-28 09:22:45
1317,35,9,2023-02-28 11:40:03
1318,24,6,2023-03-03 10:00:07
1319,31,3,2023-03-07 12:39:10
1320,27,10,2023-03-09 11:32:36
1321,4,10,2023-03-09 15:10:58
1322,26,8,2023-03-10 11:01:58
1323,2,1,2023-03-11 11:34:43
1324,6,9,2023-03-13 11:26:09
1325,33,10,2023-03-15 15:01:45
1326,33,8,2023-03-15 16:30:12
1327,29,3,2023-03-16 09:40:28
1328,4,2,2023-03-16 15:00:29
1329,13,5,2023-03-18 13:56:10
1330,5,5,2023-03-21 09:22:02
1331,37,4,2023-03-21 09:55:34
1332,26,10,2023-03-22 17:06:23
1333,18,7,2023-03-22 17:47:30
1334,40,9,2023-03-23 16:54:01
1335,5,7,2023-03-24 09:03:29
1336,14,4,2023-03-25 17:33:07
1337,16,5,2023-03-27 11:51:51
1338,15,2,2023-03-27 12:30:35
1339,40,1,2023-03-27 14:01:41
1340,24,4,2023-03-29 10:58:00
1341,27,8,2023-03-30 15:51:53
1342,40,7,2023-04-01 13:30:31
1343,25,1,2023-04-03 09:41:44
1344,40,1,2023-04-04 11:28:12
1345,28,11,2023-04-04 13:41:22
1346,32,8,2023-04-04 16:30:18
1347,13,5,2023-04-05 09:10:27
1348,40,2,2023-04-05 16:50:40
1349,21,6,2023-04-06 13:51:54
1350,18,2,2023-04-07 16:39:48
1351,24,10,2023-04-08 10:57:52
1352,18,8,2023-04-08 15:56:11
1353,26,10,2023-04-10 13:55:08
1354,1,3,2023-04-12 15:18:49
1355,12,8,2023-04-14 13:53:40
1356,28,2,2023-04-15 14:14:17
1357,40,9,2023-04-15 18:58:33
1358,33,2,2023-04-17 14:08:38
1359,33,5,2023-04-18 10:46:43
1360,20,11,2023-04-19 15:13:01
1361,5,7,2023-04-19 15:17:33
1362,1,7,2023-04-19 16:30:32
1363,10,1,2023-04-20 18:15:45
1364,6,5,2023-04-24 10:51:29
1365,29,1,2023-04-24 12:03:15
1366,29,9,2023-04-25 15:49:47
1367,27,12,2023-04-27 13:57:52
1368,40,4,2023-04-27 17:40:12
1369,24,1,2023-04-29 10:36:14
1370,32,8,2023-05-02 09:34:08
1371,24,8,2023-05-02 12:15:30
1372,11,7,2023-05-03 16:10:39
1373,16,7,2023-05-04 09:42:52
1374,9,2,2023-05-04 11:29:26
1375,32,12,2023-05-04 14:16:17
1376,39,12,2023-05-04 16:35:14
1377,1,9,2023-05-04 17:52:50
1378,30,6,2023-05-05 12:22:23
1379,7,8,2023-05-05 16:03:14
1380,33,8,2023-05-06 10:21:03
1381,13,1,2023-05-06 15:03:29
1382,14,12,2023-05-08 10:49:29
1383,34,7,2023-05-09 11:37:54
1384,32,5,2023-05-09 13:24:53
1385,4,12,2023-05-11 11:29:50
1386,29,9,2023-05-11 17:23:08
1387,40,4,2023-05-12 15:57:05
1388,30,5,2023-05-13 11:58:51
1389,25,5,2023-05-13 14:45:02
1390,22,5,2023-05-13 15:33:16
1391,24,1,2023-05-15 12:52:19
1392,7,10,2023-05-15 14:02:24
1393,29,6,2023-05-20 09:18:39
1394,30,10,2023-05-20 15:59:58
1395,38,7,2023-05-22 12:05:58
1396,13,1,2023-05-22 13:04:24
1397,37,8,2023-05-23 18:40:52
1398,10,1,2023-05-26 10:31:58
1399,33,1,2023-05-26 12:12:25
1400,34,8,2023-05-26 17:04:53
1401,32,7,2023-05-27 18:38:44
1402,11,3,2023-05-29 16:35:38
1403,26,8,2023-05-30 11:09:15
1404,24,8,2023-06-01 09:08:50
1405,34,8,2023-06-01 16:53:36
1406,32,12,2023-06-03 13:13:57
1407,4,1,2023-06-03 14:40:35
1408,29,9,2023-06-03 15:51:47
1409,32,10,2023-06-05 11:15:43
1410,10,12,2023-06-06 13:27:07
1411,33,10,2023-06-07 14:40:55
1412,31,9,2023-06-07 17:15:05
1413,13,1,2023-06-08 11:57:00
1414,24,4,2023-06-08 13:45:25
1415,35,8,2023-06-08 17:52:19
1416,24,10,2023-06-10 11:13:18
1417,6,3,2023-06-10 13:48:50
1418,10,1,2023-06-10 13:49:53
1419,32,5,2023-06-10 16:32:59
1420,2,3,2023-06-10 18:39:39
1421,25,8,2023-06-12 11:32:20
1422,40,4,2023-06-13 14:00:56
1423,13,1,2023-06-13 18:12:12
1424,5,1,2023-06-14 14:37:22
1425,1,1,2023-06-15 13:37:16
1426,31,1,2023-06-15 17:11:11
1427,24,10,2023-06-16 11:53:10
1428,40,4,2023-06-16 18:07:51
1429,25,1,2023-06-20 09:48:23
1430,2,8,2023-06-20 11:32:14
1431,23,9,2023-06-22 10:49:20
1432,24,10,2023-06-22 12:08:32
1433,33,12,2023-06-23 18:12:33
1434,32,1,2023-06-26 13:10:26
1435,40,7,2023-06-26 17:10:52
1436,34,8,2023-06-27 12:50:22
1437,3,3,2023-06-27 13:09:19
1438,24,6,2023-06-27 14:55:55
1439,34,9,2023-06-29 12:55:48
1440,23,11,2023-06-29 15:30:47
1441,13,7,2023-06-30 11:06:23
1442,24,6,2023-07-01 10:03:29
1443,26,9,2023-07-01 13:23:40
1444,10,9,2023-07-03 12:20:36
1445,15,5,2023-07-03 14:01:25
1446,24,9,2023-07-03 15:22:08
1447,31,7,2023-07-04 17:35:32
1448,34,10,2023-07-05 13:04:31
1449,40,7,2023-07-06 11:28:04
1450,26,7,2023-07-08 11:26:10
1451,23,1,2023-07-10 13:08:44
1452,40,2,2023-07-12 13:46:20
1453,13,9,2023-07-12 16:48:09
1454,10,10,2023-07-14 13:09:04
1455,25,6,2023-07-15 15:15:50
1456,7,7,2023-07-15 16:52:32
1457,32,2,2023-07-17 10:53:56
1458,24,5,2023-07-17 17:47:36
1459,11,1,2023-07-18 11:19:48
1460,28,9,2023-07-18 18:55:43
1461,2,2,2023-07-19 12:56:12
1462,21,6,2023-07-19 17:59:42
1463,13,5,2023-07-20 12:28:03
1464,26,9,2023-07-20 18:36:16
1465,28,6,2023-07-22 10:32:31
1466,40,4,2023-07-22 11:43:53
1467,24,8,2023-07-22 12:44:24
1468,1,2,2023-07-22 12:52:50
1469,23,8,2023-07-24 15:19:18
1470,6,12,2023-07-25 13:10:57
1471,23,8,2023-07-26 13:24:12
1472,34,5,2023-07-27 13:55:51
1473,35,11,2023-07-28 15:14:03
1474,25,1,2023-08-03 12:05:04
1475,32,11,2023-08-05 14:00:57
1476,13,1,2023-08-07 09:53:46
1477,23,8,2023-08-07 13:48:10
1478,20,8,2023-08-09 14:22:35
1479,30,5,2023-08-09 17:33:55
1480,34,9,2023-08-10 09:39:50
1481,24,8,2023-08-10 17:57:24
1482,30,8,2023-08-12 16:00:40
1483,17,5,2023-08-14 10:51:59
1484,28,8,2023-08-15 10:52:28
1485,33,5,2023-08-15 17:38:50
1486,17,5,2023-08-16 10:04:32
1487,32,5,2023-08-16 10:51:07
1488,40,5,2023-08-17 13:24:06
1489,33,3,2023-08-18 17:15:31
1490,24,5,2023-08-19 12:13:53
1491,40,7,2023-08-19 16:34:49
1492,34,10,2023-08-19 16:39:21
1493,4,1,2023-08-19 16:55:41
1494,24,7,2023-08-21 15:30:47
1495,40,11,2023-08-21 15:45:27
1496,40,3,2023-08-21 18:11:39
1497,25,4,2023-08-22 15:20:47
1498,10,4,2023-08-22 18:21:38
1499,40,5,2023-08-23 12:51:47
1500,22,1,2023-08-23 14:28:31
1501,21,1,2023-08-26 10:03:59
1502,7,2,2023-08-28 18:50:02
1503,7,8,2023-08-29 14:03:02
1504,1,1,2023-08-31 15:26:48
1505,35,5,2023-09-02 14:00:23
1506,30,10,2023-09-04 14:09:41
1507,30,1,2023-09-05 13:34:52
1508,34,7,2023-09-05 15:23:51
1509,5,2,2023-09-06 15:11:43
1510,14,8,2023-09-07 16:30:55
1511,16,5,2023-09-08 18:26:48
1512,6,11,2023-09-09 15:01:25
1513,26,2,2023-09-11 18:09:33
1514,40,3,2023-09-12 11:18:28
1515,34,7,2023-09-14 17:57:08
1516,32,4,2023-09-14 18:40:15
1517,29,8,2023-09-15 09:14:40
1518,33,10,2023-09-15 13:23:44
1519,3,1,2023-09-15 15:05:01
1520,32,11,2023-09-15 18:31:37
1521,26,11,2023-09-16 12:30:11
1522,13,2,2023-09-16 13:41:09
1523,30,5,2023-09-19 11:30:11
1524,27,5,2023-09-20 18:51:42
1525,10,1,2023-09-21 14:46:39
1526,26,5,2023-09-21 16:40:26
1527,27,3,2023-09-22 15:47:11
1528,33,5,2023-09-22 16:52:26
1529,13,5,2023-09-23 10:49:01
1530,29,7,2023-09-25 11:43:18
1531,40,12,2023-09-25 11:54:23
1532,25,5,2023-09-26 14:39:52
1533,34,3,2023-09-26 16:46:59
1534,32,10,2023-09-27 13:47:22
1535,24,8,2023-09-27 18:27:27
1536,16,2,2023-09-30 10:46:53
1537,10,5,2023-09-30 13:24:12
1538,4,3,2023-09-30 15:50:10
1539,40,4,2023-10-03 10:31:44
1540,34,7,2023-10-03 16:43:09
1541,25,1,2023-10-03 18:17:31
1542,32,5,2023-10-04 09:26:34
1543,38,4,2023-10-04 12:41:46
1544,6,8,2023-10-05 14:22:14
1545,21,12,2023-10-05 14:54:14
1546,32,5,2023-10-06 15:57:52
1547,25,12,2023-10-06 18:53:22
1548,27,8,2023-10-07 12:58:02
1549,10,8,2023-10-07 13:10:26
1550,24,6,2023-10-07 13:28:29
1551,13,1,2023-10-07 17:24:28
1552,40,10,2023-10-10 11:33:33
1553,26,9,2023-10-10 12:28:22
1554,21,1,2023-10-10 13:04:55
1555,24,8,2023-10-12 12:56:16
1556,4,12,2023-10-12 14:22:11
1557,20,3,2023-10-12 16:41:36
1558,24,7,2023-10-13 13:29:53
1559,30,10,2023-10-14 09:16:01
1560,27,1,2023-10-14 13:55:35
1561,40,5,2023-10-14 15:04:15
1562,26,3,2023-10-14 17:54:28
1563,32,10,2023-10-16 15:40:40
1564,25,3,2023-10-17 13:53:42
1565,24,8,2023-10-18 12:34:27
1566,24,10,2023-10-18 12:44:40
1567,32,10,2023-10-18 17:32:25
1568,33,7,2023-10-18 18:47:42
1569,1,7,2023-10-19 11:42:36
1570,20,9,2023-10-19 15:29:15
1571,15,10,2023-10-19 17:13:01
1572,28,9,2023-10-19 17:51:31
1573,11,11,2023-10-20 17:53:35
1574,23,8,2023-10-21 13:39:25
1575,26,8,2023-10-21 17:53:15
1576,20,8,2023-10-23 14:52:55
1577,6,2,2023-10-23 16:48:15
1578,35,9,2023-10-23 18:30:51
1579,25,2,2023-10-24 16:30:31
1580,35,1,2023-10-25 15:45:25
1581,10,1,2023-10-26 10:39:16
1582,25,5,2023-10-26 16:54:47
1583,9,1,2023-10-28 16:19:02
1584,40,2,2023-10-30 10:37:52
1585,28,5,2023-10-30 11:29:09
1586,39,2,2023-10-31 10:49:23
1587,31,8,2023-10-31 11:09:18
1588,11,2,2023-10-31 16:40:27
1589,26,8,2023-11-01 09:59:51
1590,38,5,2023-11-01 18:23:11
1591,28,1,2023-11-04 13:46:21
1592,1,4,2023-11-04 16:46:48
1593,24,12,2023-11-04 18:24:20
1594,24,2,2023-11-06 12:47:50
1595,25,6,2023-11-06 12:54:05
1596,10,2,2023-11-08 09:04:45
1597,40,8,2023-11-09 09:39:58
1598,3,12,2023-11-09 14:05:40
1599,6,5,2023-11-09 16:23:50
1600,28,10,2023-11-10 09:01:06
1601,5,10,2023-11-10 18:48:19
1602,25,8,2023-11-13 12:45:45
1603,25,5,2023-11-13 16:58:10
1604,11,5,2023-11-13 17:59:52
1605,24,8,2023-11-14 12:48:15
1606,10,8,2023-11-14 13:15:34
1607,20,10,2023-11-14 15:50:40
1608,40,2,2023-11-14 16:01:17
1609,24,7,2023-11-14 18:45:47
1610,26,9,2023-11-14 18:46:02
1611,13,5,2023-11-15 09:13:29
1612,33,5,2023-11-15 14:33:07
1613,25,8,2023-11-15 17:36:04
1614,14,10,2023-11-15 18:01:57
1615,13,6,2023-11-16 10:10:49
1616,14,10,2023-11-16 12:06:59
1617,2,7,2023-11-17 13:12:29
1618,31,1,2023-11-17 18:52:58
1619,26,5,2023-11-18 09:16:13
1620,40,1,2023-11-18 14:46:05
1621,28,5,2023-11-20 10:38:10
1622,11,3,2023-11-20 15:46:15
1623,25,8,2023-11-21 09:46:04
1624,34,9,2023-11-21 13:40:30
1625,26,1,2023-11-21 14:02:29
1626,11,5,2023-11-24 13:21:36
1627,11,5,2023-11-24 18:31:41
1628,40,4,2023-11-25 12:56:10
1629,6,4,2023-11-27 14:39:02
1630,23,9,2023-11-28 13:59:13
1631,36,10,2023-11-28 18:28:26
1632,3,2,2023-11-29 10:14:12
1633,36,8,2023-11-30 09:35:12
1634,32,8,2023-12-02 09:13:20
1635,4,2,2023-12-02 14:20:42
1636,35,10,2023-12-02 14:21:13
1637,5,1,2023-12-04 14:14:45
1638,26,5,2023-12-04 16:02:08
1639,3,2,2023-12-04 18:27:45
1640,13,7,2023-12-07 14:39:47
1641,24,10,2023-12-08 10:41:11
1642,5,12,2023-12-12 09:22:59
1643,13,6,2023-12-12 17:56:11
1644,25,8,2023-12-13 18:38:47
1645,28,9,2023-12-14 09:34:24
1646,26,4,2023-12-15 12:09:27
1647,24,8,2023-12-15 17:38:20
1648,28,3,2023-12-16 11:49:53
1649,23,8,2023-12-16 13:00:49
1650,12,8,2023-12-16 14:03:12
1651,25,5,2023-12-16 14:44:50
1652,34,1,2023-12-16 16:57:21
1653,32,10,2023-12-18 11:41:24
1654,35,5,2023-12-18 16:57:57
1655,24,1,2023-12-18 17:02:44
1656,4,3,2023-12-18 18:21:40
1657,4,12,2023-12-19 12:58:21
1658,13,1,2023-12-20 16:21:12
1659,13,1,2023-12-21 13:54:02
1660,25,8,2023-12-21 16:58:35
1661,37,7,2023-12-22 14:11:39
1662,28,9,2023-12-22 14:44:15
1663,13,1,2023-12-22 15:47:11
1664,5,2,2023-12-23 10:00:07
1665,33,1,2023-12-23 10:15:07
1666,24,6,2023-12-23 10:19:53
1667,24,4,2023-12-25 16:23:32
1668,19,5,2023-12-26 09:03:03
1669,39,1,2023-12-27 09:10:46
1670,38,4,2023-12-27 14:42:08
1671,40,9,2023-12-27 14:55:26
1672,13,7,2023-12-28 09:29:23
1673,24,1,2023-12-29 14:44:35
1674,35,1,2023-12-29 15:32:06
1675,27,8,2023-12-30 11:42:48
1676,1,4,2024-01-02 11:47:03
1677,32,1,2024-01-02 15:52:24
1678,15,5,2024-01-06 18:11:37
1679,25,5,2024-01-08 17:59:47
1680,23,3,2024-01-09 09:10:53
1681,40,2,2024-01-10 14:47:35
1682,38,2,2024-01-11 09:42:35
1683,40,1,2024-01-11 15:41:54
1684,11,1,2024-01-12 09:06:50
1685,24,10,2024-01-12 16:50:56
1686,25,2,2024-01-12 18:50:50
1687,24,4,2024-01-13 18:59:06
1688,30,10,2024-01-17 09:49:54
1689,25,2,2024-01-17 16:20:21
1690,29,5,2024-01-17 17:23:31
1691,2,4,2024-01-18 10:57:29
1692,13,11,2024-01-19 16:26:27
1693,30,8,2024-01-20 15:32:57
1694,30,12,2024-01-24 12:19:05
1695,24,8,2024-01-25 16:50:27
1696,32,10,2024-01-25 17:51:51
1697,38,5,2024-01-27 12:26:04
1698,29,2,2024-01-27 13:03:55
1699,23,10,2024-01-29 10:21:50
1700,16,2,2024-01-29 11:24:14
1701,23,8,2024-01-29 16:11:37
1702,32,5,2024-01-29 16:59:20
1703,40,11,2024-01-31 09:29:59
1704,33,10,2024-01-31 10:28:53
1705,32,10,2024-02-01 12:44:46
1706,27,8,2024-02-01 16:04:33
1707,1,10,2024-02-10 18:18:20
1708,36,2,2024-02-12 14:12:34
1709,24,6,2024-02-14 09:16:50
1710,40,1,2024-02-14 10:00:12
1711,7,2,2024-02-14 16:47:04
1712,26,7,2024-02-15 17:53:47
1713,25,2,2024-02-16 10:12:36
1714,25,11,2024-02-19 10:36:47
1715,2,1,2024-02-19 10:50:11
1716,33,8,2024-02-22 09:06:20
1717,23,7,2024-02-22 18:56:48
1718,24,8,2024-02-23 12:48:43
1719,6,7,2024-02-26 11:30:56
1720,4,7,2024-02-28 17:14:15
1721,25,8,2024-02-29 17:55:17
1722,35,10,2024-03-01 17:27:11
1723,19,7,2024-03-01 18:09:08
1724,30,1,2024-03-02 09:58:23
1725,8,1,2024-03-02 12:11:28
1726,5,2,2024-03-05 14:13:03
1727,34,8,2024-03-06 13:29:31
1728,26,8,2024-03-06 16:50:42
1729,5,9,2024-03-07 15:03:23
1730,27,1,2024-03-07 18:48:13
1731,24,3,2024-03-08 16:36:02
1732,22,1,2024-03-09 09:28:23
1733,24,9,2024-03-09 11:32:25
1734,24,9,2024-03-09 13:04:20
1735,26,8,2024-03-12 10:03:39
1736,5,5,2024-03-12 15:19:43
1737,14,1,2024-03-13 10:00:27
1738,34,8,2024-03-15 10:48:14
1739,16,4,2024-03-18 10:32:31
1740,28,5,2024-03-18 13:44:37
1741,25,1,2024-03-19 17:12:19
1742,32,8,2024-03-21 16:52:55
1743,24,8,2024-03-22 17:29:42
1744,14,6,2024-03-23 17:58:35
1745,30,10,2024-03-27 10:03:23
1746,11,12,2024-03-29 12:00:18
1747,29,9,2024-03-30 11:54:26
1748,26,10,2024-04-02 09:00:40
1749,5,3,2024-04-02 16:31:52
1750,4,6,2024-04-03 14:08:07
1751,13,1,2024-04-03 15:35:09
1752,31,8,2024-04-04 15:47:33
1753,32,8,2024-04-05 09:39:28
1754,30,5,2024-04-08 11:10:21
1755,16,11,2024-04-08 16:47:26
1756,20,5,2024-04-10 10:59:09
1757,6,1,2024-04-10 12:25:22
1758,4,12,2024-04-10 13:59:21
1759,36,1,2024-04-11 09:42:15
1760,21,4,2024-04-12 09:40:44
1761,40,7,2024-04-12 15:19:08
1762,40,9,2024-04-12 17:55:33
1763,26,6,2024-04-16 16:42:34
1764,40,3,2024-04-18 15:36:59
1765,27,10,2024-04-19 11:12:57
1766,35,1,2024-04-20 09:33:47
1767,32,8,2024-04-20 16:03:00
1768,35,3,2024-04-22 11:37:36
1769,13,8,2024-04-23 17:50:38
1770,10,2,2024-04-25 10:03:52
1771,6,7,2024-04-25 10:44:58
1772,40,2,2024-04-25 12:16:46
1773,2,9,2024-04-25 12:55:59
1774,29,5,2024-04-26 12:11:01
1775,32,9,2024-04-27 14:37:43
1776,26,11,2024-04-29 09:10:21
1777,1,1,2024-04-30 18:23:08
1778,27,8,2024-05-01 10:47:09
1779,34,8,2024-05-03 10:32:44
1780,24,10,2024-05-04 10:49:59
1781,18,8,2024-05-04 16:26:36
1782,23,8,2024-05-06 13:30:29
1783,25,9,2024-05-06 17:36:43
1784,17,1,2024-05-07 17:45:04
1785,4,2,2024-05-08 14:42:19
1786,23,1,2024-05-09 15:39:31
1787,3,3,2024-05-09 17:38:14
1788,34,5,2024-05-13 14:32:45
1789,32,5,2024-05-14 12:13:06
1790,24,9,2024-05-17 10:06:17
1791,6,8,2024-05-18 16:25:23
1792,23,10,2024-05-21 18:01:42
1793,3,2,2024-05-22 12:05:16
1794,10,5,2024-05-23 09:47:41
1795,28,1,2024-05-23 13:20:23
1796,18,5,2024-05-24 13:53:13
1797,24,5,2024-05-25 09:10:37
1798,23,1,2024-05-25 09:23:57
1799,36,1,2024-05-25 18:59:24
1800,24,8,2024-05-30 18:41:16
1801,24,8,2024-05-31 10:52:07
1802,12,1,2024-06-01 18:44:38
1803,33,8,2024-06-04 10:34:37
1804,25,9,2024-06-05 12:14:08
1805,15,2,2024-06-05 13:42:15
1806,35,7,2024-06-05 17:33:16
1807,23,8,2024-06-06 13:10:45
1808,29,9,2024-06-06 13:27:36
1809,37,8,2024-06-06 18:25:08
1810,24,2,2024-06-08 09:09:43
1811,26,8,2024-06-08 10:00:58
1812,7,5,2024-06-11 11:29:42
1813,14,3,2024-06-12 11:13:56
1814,7,7,2024-06-13 15:37:27
1815,25,12,2024-06-15 11:34:20
1816,37,10,2024-06-15 13:38:17
1817,15,8,2024-06-17 09:00:40
1818,14,7,2024-06-17 10:07:16
1819,32,10,2024-06-17 18:49:40
1820,24,10,2024-06-18 11:50:44
1821,6,1,2024-06-18 12:25:34
1822,2,4,2024-06-19 16:34:42
1823,1,8,2024-06-21 13:19:53
1824,24,8,2024-06-22 14:35:06
1825,5,2,2024-06-24 11:50:58
1826,39,6,2024-06-24 15:13:51
1827,33,8,2024-06-24 16:33:23
1828,28,7,2024-06-24 18:03:59
1829,16,12,2024-06-26 14:58:44
1830,32,7,2024-06-28 13:37:00
1831,11,1,2024-07-01 16:50:25
1832,23,10,2024-07-02 09:32:49
1833,6,2,2024-07-03 14:03:54
1834,12,8,2024-07-04 15:02:20
1835,10,2,2024-07-04 18:14:56
1836,1,2,2024-07-08 18:41:31
1837,17,2,2024-07-09 17:42:42
1838,24,10,2024-07-11 17:49:27
1839,11,9,2024-07-12 11:07:33
1840,24,8,2024-07-13 15:31:32
1841,1,11,2024-07-13 15:52:39
1842,25,8,2024-07-13 17:03:02
1843,25,5,2024-07-15 16:50:44
1844,22,6,2024-07-18 15:50:19
1845,17,12,2024-07-18 16:00:27
1846,34,1,2024-07-18 18:39:02
1847,40,6,2024-07-18 18:44:56
1848,24,8,2024-07-19 10:48:26
1849,15,6,2024-07-19 12:12:44
1850,33,5,2024-07-19 14:05:39
1851,24,1,2024-07-22 17:50:02
1852,24,9,2024-07-22 18:32:10
1853,24,9,2024-07-23 15:52:13
1854,40,5,2024-07-23 17:26:45
1855,31,9,2024-07-23 18:15:53
1856,34,1,2024-07-24 14:55:37
1857,6,9,2024-07-25 10:09:20
1858,34,9,2024-07-25 17:02:31
1859,22,4,2024-07-29 09:42:10
1860,14,9,2024-07-29 10:50:01
1861,22,9,2024-07-29 14:08:38
1862,13,1,2024-07-29 16:56:04
1863,25,8,2024-07-30 12:51:53
1864,17,8,2024-07-30 13:33:19
1865,33,10,2024-07-31 17:59:59
1866,21,7,2024-08-01 11:02:00
1867,33,2,2024-08-01 12:57:41
1868,27,1,2024-08-02 13:51:13
1869,23,7,2024-08-03 10:32:18
1870,21,5,2024-08-03 14:55:46
1871,30,9,2024-08-03 17:01:57
1872,2,1,2024-08-05 10:11:39
1873,30,4,2024-08-05 14:11:35
1874,22,5,2024-08-05 16:23:41
1875,32,4,2024-08-06 09:04:02
1876,26,11,2024-08-06 11:48:28
1877,24,3,2024-08-06 17:40:37
1878,32,10,2024-08-06 18:47:59
1879,24,6,2024-08-08 09:09:21
1880,19,5,2024-08-08 11:53:23
1881,23,11,2024-08-08 11:56:10
1882,23,9,2024-08-08 16:49:49
1883,19,10,2024-08-09 09:50:20
1884,32,10,2024-08-09 18:01:31
1885,6,12,2024-08-12 10:31:34
1886,29,1,2024-08-12 11:59:40
1887,2,8,2024-08-13 17:28:46
1888,39,12,2024-08-14 13:11:51
1889,2,5,2024-08-14 14:26:43
1890,34,6,2024-08-14 15:32:04
1891,13,6,2024-08-15 17:12:25
1892,5,5,2024-08-17 12:42:25
1893,27,7,2024-08-17 17:45:14
1894,7,5,2024-08-19 18:55:45
1895,1,2,2024-08-20 15:18:59
1896,40,2,2024-08-20 17:07:28
1897,32,8,2024-08-20 17:09:06
1898,15,5,2024-08-21 17:49:57
1899,24,8,2024-08-22 11:05:27
1900,15,1,2024-08-22 11:39:10
1901,40,10,2024-08-24 11:21:11
1902,7,2,2024-08-24 16:26:57
1903,40,8,2024-08-26 15:26:34
1904,2,1,2024-08-26 15:35:50
1905,25,2,2024-08-26 18:44:15
1906,7,11,2024-08-27 09:11:28
1907,35,10,2024-08-27 11:14:40
1908,29,2,2024-08-27 13:09:33
1909,32,11,2024-08-27 16:35:25
1910,24,2,2024-08-28 18:23:25
1911,23,5,2024-08-28 18:27:24
1912,5,8,2024-08-30 10:43:13
1913,8,9,2024-09-02 11:02:04
1914,7,8,2024-09-03 14:46:07
1915,2,8,2024-09-03 15:40:56
1916,7,2,2024-09-03 16:44:00
1917,30,10,2024-09-04 09:59:12
1918,36,7,2024-09-04 11:21:34
1919,29,1,2024-09-04 11:49:47
1920,26,5,2024-09-06 11:11:01
1921,35,10,2024-09-09 10:07:26
1922,33,2,2024-09-09 11:56:49
1923,24,1,2024-09-09 15:41:24
1924,29,5,2024-09-10 09:44:04
1925,24,11,2024-09-10 15:29:44
1926,32,10,2024-09-10 17:41:09
1927,32,2,2024-09-11 13:11:12
1928,23,8,2024-09-14 10:40:52
1929,1,4,2024-09-14 12:02:27
1930,33,1,2024-09-16 14:04:29
1931,6,8,2024-09-16 14:13:46
1932,24,8,2024-09-17 10:44:52
1933,23,4,2024-09-17 14:50:20
1934,24,10,2024-09-17 17:14:01
1935,23,8,2024-09-19 16:29:20
1936,35,7,2024-09-19 17:26:31
1937,24,1,2024-09-19 18:13:44
1938,2,7,2024-09-20 12:04:32
1939,24,12,2024-09-20 14:42:12
1940,27,1,2024-09-21 12:08:51
1941,13,1,2024-09-23 09:59:35
1942,9,1,2024-09-23 11:05:01
1943,17,5,2024-09-24 14:28:42
1944,32,1,2024-09-24 16:15:48
1945,30,8,2024-09-25 14:34:04
1946,14,2,2024-09-25 17:38:09
1947,10,2,2024-09-27 16:41:00
1948,13,1,2024-09-27 16:43:30
1949,11,12,2024-09-27 18:10:11
1950,24,8,2024-09-30 11:00:28
1951,40,1,2024-10-01 10:31:05
1952,1,7,2024-10-01 10:40:25
1953,11,7,2024-10-01 13:22:45
1954,27,4,2024-10-01 15:39:00
1955,28,12,2024-10-02 11:42:56
1956,33,9,2024-10-02 18:08:48
1957,34,8,2024-10-03 15:28:17
1958,11,7,2024-10-03 17:45:19
1959,15,5,2024-10-04 10:19:00
1960,32,7,2024-10-04 14:13:48
1961,27,2,2024-10-04 15:23:41
1962,29,5,2024-10-04 15:59:48
1963,5,11,2024-10-05 10:38:48
1964,38,7,2024-10-05 11:51:07
1965,32,10,2024-10-05 12:09:31
1966,24,10,2024-10-05 16:24:35
1967,36,1,2024-10-05 17:08:42
1968,33,8,2024-10-07 09:13:20
1969,32,9,2024-10-08 15:56:31
1970,28,8,2024-10-09 12:42:42
1971,39,5,2024-10-10 12:08:49
1972,21,1,2024-10-10 12:27:18
1973,24,8,2024-10-10 17:59:36
1974,27,1,2024-10-11 12:27:12
1975,35,8,2024-10-11 13:08:30
1976,1,2,2024-10-12 15:34:43
1977,9,2,2024-10-12 18:15:31
1978,24,11,2024-10-14 13:12:52
1979,33,8,2024-10-14 15:18:40
1980,9,1,2024-10-14 17:32:38
1981,40,6,2024-10-15 10:09:01
1982,24,1,2024-10-15 15:16:38
1983,24,1,2024-10-16 14:51:51
1984,5,2,2024-10-16 15:29:53
1985,29,2,2024-10-16 16:09:31
1986,24,8,2024-10-16 16:27:59
1987,25,7,2024-10-17 10:12:19
1988,24,10,2024-10-17 13:35:06
1989,32,7,2024-10-17 18:41:07
1990,35,10,2024-10-18 09:38:53
1991,34,10,2024-10-18 12:44:37
1992,32,8,2024-10-18 12:48:53
1993,32,10,2024-10-18 15:37:27
1994,24,10,2024-10-18 15:50:39
1995,34,6,2024-10-18 16:35:06
1996,24,8,2024-10-19 14:54:24
1997,23,1,2024-10-21 14:23:41
1998,2,5,2024-10-21 18:53:28
1999,24,8,2024-10-22 16:11:08
2000,25,8,2024-10-22 18:32:17
2001,33,8,2024-10-23 14:48:24
2002,40,2,2024-10-23 16:47:08
2003,40,9,2024-10-24 12:10:43
2004,6,12,2024-10-25 12:58:17
2005,33,11,2024-10-25 14:06:48
2006,5,5,2024-10-25 15:04:40
2007,25,6,2024-10-26 12:51:00
2008,40,4,2024-10-26 18:42:06
2009,2,10,2024-10-28 11:20:08
2010,35,10,2024-10-28 17:18:19
2011,24,12,2024-10-28 18:22:34
2012,32,2,2024-10-29 13:26:57
2013,34,10,2024-10-30 18:27:57
2014,23,9,2024-10-31 10:28:47
2015,24,9,2024-11-01 11:53:15
2016,3,12,2024-11-02 16:03:28
2017,4,10,2024-11-04 12:02:52
2018,13,1,2024-11-04 14:39:32
2019,24,8,2024-11-04 17:44:37
2020,25,10,2024-11-05 16:28:49
2021,35,2,2024-11-06 12:31:05
2022,22,8,2024-11-06 15:48:22
2023,31,9,2024-11-07 10:01:24
2024,40,4,2024-11-07 16:51:15
2025,35,8,2024-11-09 10:04:44
2026,8,2,2024-11-09 15:46:55
2027,15,5,2024-11-11 10:06:24
2028,4,8,2024-11-11 16:04:57
2029,22,6,2024-11-12 12:38:20
2030,5,2,2024-11-12 14:46:14
2031,32,10,2024-11-12 15:59:23
2032,35,1,2024-11-12 16:01:25
2033,10,7,2024-11-12 18:13:04
2034,34,2,2024-11-13 09:49:17
2035,2,2,2024-11-15 09:11:41
2036,40,1,2024-11-15 15:44:10
2037,29,9,2024-11-15 17:11:42
2038,23,7,2024-11-15 17:19:50
2039,8,9,2024-11-16 12:56:19
2040,1,2,2024-11-19 15:35:35
2041,23,1,2024-11-20 14:34:48
2042,15,6,2024-11-20 14:58:03
2043,26,10,2024-11-20 17:01:52
2044,6,9,2024-11-21 11:53:20
2045,24,8,2024-11-22 12:04:20
2046,35,8,2024-11-23 15:35:49
2047,26,9,2024-11-23 18:57:44
2048,32,5,2024-11-25 09:06:24
2049,34,7,2024-11-25 11:02:04
2050,7,1,2024-11-25 14:23:44
2051,12,1,2024-11-26 12:02:52
2052,34,8,2024-11-26 13:52:12
2053,24,8,2024-11-26 17:46:30
2054,31,8,2024-11-27 12:27:48
2055,24,10,2024-11-27 13:25:48
2056,32,10,2024-11-28 09:10:54
2057,13,7,2024-11-28 12:43:31
2058,24,8,2024-11-28 17:25:34
2059,9,8,2024-11-29 13:28:35
2060,1,7,2024-11-29 14:09:12
2061,28,10,2024-11-30 13:52:29
2062,5,12,2024-12-03 09:19:14
2063,26,2,2024-12-03 15:29:44
2064,32,1,2024-12-03 16:03:08
2065,2,5,2024-12-04 16:56:20
2066,28,11,2024-12-05 11:18:05
2067,26,8,2024-12-06 12:13:54
2068,25,3,2024-12-06 13:40:26
2069,23,8,2024-12-06 17:56:46
2070,21,11,2024-12-07 09:18:30
2071,37,1,2024-12-07 15:52:34
2072,24,8,2024-12-09 14:01:27
2073,40,1,2024-12-12 09:28:50
2074,39,8,2024-12-12 10:55:57
2075,35,7,2024-12-12 13:57:45
2076,5,10,2024-12-12 14:06:17
2077,2,3,2024-12-12 14:12:53
2078,24,10,2024-12-12 14:28:11
2079,34,1,2024-12-12 16:51:33
2080,32,8,2024-12-13 15:56:18
2081,21,5,2024-12-14 15:18:32
2082,24,8,2024-12-17 15:17:13
2083,33,8,2024-12-18 18:59:04
2084,14,5,2024-12-20 14:43:13
2085,20,9,2024-12-21 09:43:42
2086,32,1,2024-12-21 15:27:26
2087,30,6,2024-12-21 17:30:35
2088,31,10,2024-12-24 18:08:17
2089,34,8,2024-12-25 13:36:58
2090,26,10,2024-12-25 14:25:43
2091,29,5,2024-12-25 17:45:27
2092,8,5,2024-12-26 16:33:58
2093,24,10,2024-12-26 18:49:29
2094,6,2,2024-12-27 09:42:18
2095,40,4,2024-12-27 16:09:19
2096,24,9,2024-12-28 09:19:37
2097,24,8,2024-12-28 12:20:40
2098,40,11,2024-12-30 13:25:12
2099,12,5,2024-12-30 14:34:05
2100,24,9,2024-12-31 18:40:02
2101,24,10,2025-01-01 16:29:27
2102,32,3,2025-01-03 12:54:57
2103,40,1,2025-01-03 15:16:44
2104,18,7,2025-01-04 14:16:56
2105,26,8,2025-01-06 09:34:53
2106,33,8,2025-01-06 14:09:41
2107,23,3,2025-01-07 14:28:57
2108,1,5,2025-01-07 16:31:59
2109,40,9,2025-01-08 11:56:40
2110,33,9,2025-01-10 17:09:48
2111,26,9,2025-01-16 09:50:49
2112,11,1,2025-01-16 11:27:36
2113,23,10,2025-01-16 14:27:14
2114,5,12,2025-01-20 10:23:10
2115,26,5,2025-01-20 13:04:35
2116,29,9,2025-01-22 09:08:28
2117,14,8,2025-01-23 18:45:24
2118,5,10,2025-01-25 15:36:36
2119,27,7,2025-01-29 14:44:21
2120,24,8,2025-01-31 10:44:44
2121,27,10,2025-02-03 14:45:05
2122,40,1,2025-02-03 15:52:48
2123,33,3,2025-02-03 16:20:43
2124,19,2,2025-02-03 17:11:56
2125,25,8,2025-02-04 09:22:05
2126,33,7,2025-02-05 16:59:50
2127,7,10,2025-02-06 15:09:59
2128,17,7,2025-02-08 16:47:49
2129,29,1,2025-02-08 16:49:42
2130,4,7,2025-02-10 09:08:40
2131,28,2,2025-02-11 16:05:44
2132,32,10,2025-02-11 17:17:08
2133,25,7,2025-02-13 18:28:23
2134,27,9,2025-02-18 09:15:01
2135,13,6,2025-02-18 15:14:16
2136,5,2,2025-02-19 09:27:22
2137,35,10,2025-02-19 17:15:16
2138,1,2,2025-02-20 16:52:22
2139,32,5,2025-02-21 11:56:08
2140,26,8,2025-02-25 14:28:42
2141,24,12,2025-02-26 16:07:36
2142,24,10,2025-02-27 09:22:56
2143,15,8,2025-02-27 13:28:17
2144,4,10,2025-02-28 10:26:17
2145,25,7,2025-03-01 09:09:29
2146,39,4,2025-03-03 16:34:08
2147,24,7,2025-03-05 09:04:14
2148,40,1,2025-03-06 16:23:00
2149,34,10,2025-03-07 09:36:14
2150,40,8,2025-03-08 18:17:18
2151,4,6,2025-03-11 12:36:10
2152,33,10,2025-03-11 16:20:50
2153,37,2,2025-03-12 14:16:30
2154,27,10,2025-03-12 16:43:13
2155,35,8,2025-03-13 13:26:06
2156,33,8,2025-03-14 10:35:40
2157,1,6,2025-03-14 13:16:28
2158,21,8,2025-03-15 14:17:37
2159,1,1,2025-03-17 13:30:00
2160,36,5,2025-03-24 12:02:09
2161,40,5,2025-03-25 17:11:20
2162,24,10,2025-03-26 16:58:36
2163,24,10,2025-03-29 09:09:10
2164,18,9,2025-04-01 11:33:29
2165,23,7,2025-04-02 16:23:30
2166,27,1,2025-04-03 10:25:12
2167,24,10,2025-04-03 11:02:28
2168,24,8,2025-04-04 12:18:28
2169,10,1,2025-04-05 09:30:43
2170,24,1,2025-04-05 13:54:47
2171,3,2,2025-04-05 16:15:41
2172,29,8,2025-04-07 13:01:28
2173,24,8,2025-04-08 10:57:32
2174,13,1,2025-04-09 11:12:33
2175,34,10,2025-04-09 18:27:14
2176,21,8,2025-04-10 17:30:16
2177,24,4,2025-04-11 15:01:11
2178,38,8,2025-04-15 11:54:16
2179,26,1,2025-04-17 17:19:59
2180,26,5,2025-04-18 15:35:12
2181,7,7,2025-04-19 13:48:33
2182,30,8,2025-04-22 10:06:28
2183,28,1,2025-04-26 10:33:07
2184,32,11,2025-04-28 10:48:42
2185,19,5,2025-04-29 17:30:27
2186,5,1,2025-04-30 16:53:01
2187,14,1,2025-05-03 16:18:01
2188,24,8,2025-05-06 15:15:46
2189,9,1,2025-05-07 15:19:42
2190,22,1,2025-05-10 14:27:00
2191,40,1,2025-05-12 16:36:31
2192,15,1,2025-05-14 14:01:13
2193,34,10,2025-05-14 15:39:03
2194,32,11,2025-05-15 09:14:24
2195,18,5,2025-05-19 09:03:42
2196,40,11,2025-05-19 09:09:53
2197,40,6,2025-05-20 09:42:04
2198,20,6,2025-05-22 11:14:38
2199,4,7,2025-05-23 14:13:03
2200,22,8,2025-05-27 12:28:20
2201,24,8,2025-05-28 09:42:01
2202,31,7,2025-05-28 14:11:25
2203,15,5,2025-05-28 17:55:38
2204,35,10,2025-06-05 10:31:00
2205,19,2,2025-06-05 16:10:28
2206,7,6,2025-06-06 11:14:56
2207,1,7,2025-06-06 18:44:54
2208,7,3,2025-06-07 13:37:25
2209,24,8,2025-06-09 15:43:51
2210,16,5,2025-06-11 10:27:22
2211,25,10,2025-06-12 13:51:29
2212,25,8,2025-06-13 11:30:43
2213,8,7,2025-06-16 11:45:07
2214,24,8,2025-06-17 11:42:59
2215,40,3,2025-06-18 13:30:11
2216,1,10,2025-06-19 09:14:50
2217,36,5,2025-06-19 16:27:06
2218,24,2,2025-06-20 12:40:37
2219,8,10,2025-06-20 18:56:06
2220,6,1,2025-06-21 10:13:53
2221,39,1,2025-06-23 13:14:51
2222,10,3,2025-06-26 09:09:26
2223,10,12,2025-06-26 16:27:22
2224,17,10,2025-06-27 16:37:30
2225,35,3,2025-06-28 17:49:10
2226,10,3,2025-07-03 15:10:59
2227,39,2,2025-07-05 11:42:59
2228,28,8,2025-07-09 15:06:29
2229,28,8,2025-07-10 17:08:31
2230,1,1,2025-07-10 18:29:16
2231,30,9,2025-07-12 13:02:46
2232,6,5,2025-07-14 18:16:46
2233,24,8,2025-07-15 14:03:28
2234,29,8,2025-07-18 11:15:20
2235,14,5,2025-07-22 09:36:20
2236,25,8,2025-07-23 12:22:40
2237,27,6,2025-07-25 11:21:25
2238,28,9,2025-07-28 14:08:36
2239,36,10,2025-07-28 14:55:43
2240,26,8,2025-07-29 14:23:29
2241,14,9,2025-07-29 18:43:17
2242,25,11,2025-07-30 11:15:31
2243,27,9,2025-08-01 12:29:14
2244,23,11,2025-08-02 13:03:28
2245,5,1,2025-08-02 14:04:18
2246,26,11,2025-08-04 15:14:26
2247,4,10,2025-08-04 17:00:27
2248,30,4,2025-08-04 17:57:07
2249,16,6,2025-08-05 09:32:58
2250,4,8,2025-08-08 13:24:59
2251,6,12,2025-08-12 16:57:23
2252,10,7,2025-08-12 18:56:36
2253,25,8,2025-08-14 12:40:35
2254,24,1,2025-08-15 13:08:47
2255,32,10,2025-08-16 13:09:19
2256,36,10,2025-08-16 17:51:31
2257,5,5,2025-08-19 11:16:51
2258,22,11,2025-08-20 15:15:51
2259,24,1,2025-08-20 18:52:07
2260,33,1,2025-08-21 15:24:11
2261,35,5,2025-08-21 15:42:58
2262,26,11,2025-08-22 15:38:08
2263,24,4,2025-08-23 14:38:48
2264,12,1,2025-08-26 14:10:30
2265,5,9,2025-08-26 14:29:43
2266,1,6,2025-08-26 15:29:29
2267,8,5,2025-08-27 09:40:08
2268,39,1,2025-08-27 14:27:47
2269,23,5,2025-08-29 10:49:14
2270,40,5,2025-08-29 18:21:50
2271,2,1,2025-08-30 18:19:12
2272,32,8,2025-09-01 12:04:29
2273,4,12,2025-09-01 16:24:43
2274,11,1,2025-09-02 16:57:24
2275,14,9,2025-09-03 14:15:20
2276,32,8,2025-09-05 14:13:02
2277,14,12,2025-09-05 17:07:38
2278,30,7,2025-09-06 12:46:18
2279,40,3,2025-09-08 09:33:28
2280,24,11,2025-09-11 09:08:16
2281,40,2,2025-09-11 14:05:37
2282,29,1,2025-09-13 10:48:21
2283,32,3,2025-09-13 13:35:33
2284,22,8,2025-09-15 13:27:48
2285,30,9,2025-09-15 17:22:35
2286,17,2,2025-09-16 10:48:12
2287,40,2,2025-09-19 13:14:46
2288,4,2,2025-09-20 09:55:31
2289,21,10,2025-09-22 12:00:04
2290,40,3,2025-09-22 12:46:17
2291,23,8,2025-09-22 16:50:29
2292,24,5,2025-09-23 17:48:04
2293,31,1,2025-09-24 14:59:50
2294,25,10,2025-09-24 16:57:10
2295,12,7,2025-09-25 15:38:47
2296,36,1,2025-09-26 09:36:21
2297,27,8,2025-09-29 16:21:59
2298,23,10,2025-09-30 10:51:38
2299,32,1,2025-09-30 14:26:00
2300,24,2,2025-10-01 10:08:32
2301,40,1,2025-10-02 11:56:26
2302,22,10,2025-10-02 12:00:38
2303,31,1,2025-10-02 12:06:06
2304,26,1,2025-10-02 16:33:04
2305,33,8,2025-10-02 18:33:30
2306,22,8,2025-10-03 09:20:40
2307,33,10,2025-10-03 10:51:32
2308,28,5,2025-10-03 13:32:04
2309,26,3,2025-10-04 09:05:54
2310,37,5,2025-10-04 17:48:25
2311,33,8,2025-10-06 09:30:30
2312,9,9,2025-10-07 12:07:27
2313,40,2,2025-10-07 12:25:20
2314,38,1,2025-10-07 18:16:21
2315,27,9,2025-10-08 11:16:10
2316,25,8,2025-10-08 13:45:51
2317,24,8,2025-10-08 18:12:58
2318,29,10,2025-10-09 14:07:26
2319,24,8,2025-10-09 15:38:50
2320,33,5,2025-10-09 16:47:22
2321,2,1,2025-10-10 09:27:37
2322,32,1,2025-10-11 10:19:03
2323,26,8,2025-10-11 16:34:36
2324,27,9,2025-10-15 14:53:19
2325,10,7,2025-10-16 10:32:16
2326,39,2,2025-10-16 14:46:07
2327,40,9,2025-10-16 17:33:51
2328,28,9,2025-10-18 09:06:49
2329,18,5,2025-10-20 12:44:41
2330,36,6,2025-10-20 16:23:54
2331,33,4,2025-10-20 16:49:46
2332,32,9,2025-10-22 11:17:18
2333,32,5,2025-10-22 16:16:01
2334,27,2,2025-10-23 14:51:06
2335,17,2,2025-10-23 18:44:25
2336,25,8,2025-10-24 16:37:26
2337,25,8,2025-10-27 13:11:19
2338,38,7,2025-10-27 15:13:42
2339,28,5,2025-10-28 10:12:25
2340,33,8,2025-10-28 11:40:33
2341,16,5,2025-10-31 11:05:45
2342,40,2,2025-10-31 13:46:39
2343,6,1,2025-11-01 15:40:57
2344,32,1,2025-11-03 14:31:59
2345,21,7,2025-11-03 15:57:04
2346,5,4,2025-11-04 14:16:42
2347,11,9,2025-11-05 16:55:26
2348,11,6,2025-11-08 12:39:15
2349,35,9,2025-11-12 09:39:19
2350,13,5,2025-11-12 10:16:38
2351,36,10,2025-11-12 12:11:56
2352,2,5,2025-11-12 12:47:59
2353,24,8,2025-11-12 18:53:16
2354,24,10,2025-11-13 12:39:36
2355,9,1,2025-11-13 13:10:05
2356,36,8,2025-11-13 17:50:15
2357,37,5,2025-11-17 11:34:36
2358,25,1,2025-11-18 18:37:57
2359,32,8,2025-11-19 15:34:06
2360,3,9,2025-11-19 15:35:24
2361,13,1,2025-11-19 15:55:35
2362,24,1,2025-11-21 12:49:25
2363,24,8,2025-11-24 09:54:09
2364,3,8,2025-11-24 10:08:22
2365,6,1,2025-11-24 12:13:57
2366,32,9,2025-11-25 18:18:23
2367,27,8,2025-11-27 14:51:57
2368,25,2,2025-11-27 16:12:40
2369,1,1,2025-11-28 12:19:03
2370,26,2,2025-11-29 09:19:56
2371,24,8,2025-12-02 10:37:04
2372,24,5,2025-12-02 14:40:58
2373,24,8,2025-12-03 14:27:42
2374,25,6,2025-12-04 16:59:51
2375,32,10,2025-12-04 18:00:21
2376,33,10,2025-12-04 18:51:59
2377,40,12,2025-12-05 17:27:39
2378,18,5,2025-12-06 10:54:55
2379,34,10,2025-12-08 11:00:21
2380,17,5,2025-12-08 18:00:55
2381,8,12,2025-12-10 16:48:00
2382,30,1,2025-12-12 12:18:05
2383,19,5,2025-12-12 15:34:53
2384,13,4,2025-12-15 09:10:09
2385,25,3,2025-12-15 13:33:55
2386,31,8,2025-12-16 10:43:34
2387,4,5,2025-12-16 11:00:00
2388,24,9,2025-12-16 11:52:29
2389,26,8,2025-12-16 13:32:40
2390,24,1,2025-12-16 16:15:46
2391,40,4,2025-12-17 16:33:31
2392,28,7,2025-12-20 09:11:27
2393,23,8,2025-12-22 13:55:02
2394,26,5,2025-12-22 17:11:37
2395,5,12,2025-12-23 12:45:46
2396,29,10,2025-12-25 16:20:12
2397,3,12,2025-12-29 13:59:14
2398,14,1,2025-12-30 09:49:42
2399,4,12,2025-12-30 15:40:29
2400,36,7,2025-12-31 17:23:29
2401,32,8,2026-01-02 12:02:02
2402,4,10,2026-01-05 12:53:18
2403,18,5,2026-01-05 15:15:15
2404,5,2,2026-01-05 18:01:03
2405,33,10,2026-01-08 14:29:11
2406,31,8,2026-01-08 16:38:32
2407,8,4,2026-01-08 17:08:03
2408,14,5,2026-01-09 12:14:41
2409,27,9,2026-01-09 14:35:15
2410,8,7,2026-01-09 16:09:28
2411,24,1,2026-01-15 13:37:36
2412,24,8,2026-01-15 15:41:38
2413,33,8,2026-01-17 10:55:27
2414,3,2,2026-01-20 11:12:23
2415,23,10,2026-01-22 17:30:17
2416,35,2,2026-01-23 12:18:03
2417,34,1,2026-01-23 18:44:17
2418,1,2,2026-01-27 09:24:56
2419,30,5,2026-01-31 18:17:03
2420,34,8,2026-02-02 10:24:40
2421,28,4,2026-02-03 18:42:39
2422,12,2,2026-02-05 14:55:22
2423,7,6,2026-02-05 16:00:44
2424,11,7,2026-02-07 09:10:07
2425,33,8,2026-02-20 17:01:28
2426,26,1,2026-02-21 13:49:59
2427,38,1,2026-02-23 09:59:28
2428,1,7,2026-02-23 12:00:55
2429,1,1,2026-02-24 13:40:43
2430,40,1,2026-02-25 18:46:24
2431,10,9,2026-03-02 17:13:34
2432,2,3,2026-03-05 11:15:29
2433,31,8,2026-03-07 13:38:41
2434,12,6,2026-03-10 15:14:29
2435,36,12,2026-03-11 11:30:42
2436,1,5,2026-03-14 12:15:45
2437,34,7,2026-03-17 11:11:12
2438,1,2,2026-03-17 12:37:25
2439,26,8,2026-03-18 10:01:19
2440,11,1,2026-03-18 15:38:17
2441,33,10,2026-03-18 16:01:22
2442,36,1,2026-03-25 15:03:53
2443,22,3,2026-03-25 17:21:08
2444,27,8,2026-03-26 18:34:43
2445,30,8,2026-03-27 18:33:41
2446,38,11,2026-03-31 11:17:22
2447,33,1,2026-03-31 11:58:21
2448,40,4,2026-04-02 10:54:02
2449,10,3,2026-04-10 15:13:30
2450,36,1,2026-04-10 17:13:36
2451,40,5,2026-04-16 18:47:35
2452,26,8,2026-04-17 13:29:48
2453,14,1,2026-04-20 16:00:55
2454,35,2,2026-04-21 15:24:12
2455,12,1,2026-04-25 18:09:49
2456,33,9,2026-04-28 18:28:00
2457,27,1,2026-04-29 12:48:39
2458,24,8,2026-04-29 17:27:54
2459,24,2,2026-05-07 10:56:26
2460,35,9,2026-05-13 17:08:13
2461,32,9,2026-05-14 09:26:35
2462,31,11,2026-05-14 16:06:52
2463,39,2,2026-05-16 10:06:09
2464,25,8,2026-05-18 10:17:09
2465,32,8,2026-05-20 10:08:35
2466,18,1,2026-05-22 10:22:52
2467,40,1,2026-06-01 10:58:04
2468,9,11,2026-06-02 09:30:27
2469,33,9,2026-06-03 12:32:27
2470,25,9,2026-06-04 16:20:12
2471,40,7,2026-06-04 17:33:40
2472,6,2,2026-06-09 10:18:37
2473,7,2,2026-06-10 18:06:42
2474,30,10,2026-06-13 12:31:14
2475,26,10,2026-06-16 11:58:47
2476,11,1,2026-06-20 14:44:50
2477,2,5,2026-06-22 17:09:41
2478,13,8,2026-06-23 10:00:25
2479,30,9,2026-06-24 16:57:56
2480,32,10,2026-06-24 17:42:56
2481,38,5,2026-06-25 15:08:05
2482,32,7,2026-06-26 10:01:36
2483,26,2,2026-06-29 14:21:18
2484,33,8,2026-07-02 16:10:38
2485,24,1,2026-07-04 09:11:35
2486,34,5,2026-07-08 15:27:19
2487,10,1,2026-07-13 14:52:11
2488,22,11,2026-07-13 17:08:09
2489,8,2,2026-07-14 15:28:52
2490,10,1,2026-07-15 10:40:56
2491,36,8,2026-07-15 16:09:03
2492,34,2,2026-07-16 18:38:47
2493,14,8,2026-07-18 13:35:11
2494,32,6,2026-07-20 10:32:57
2495,26,8,2026-07-20 12:39:31
2496,34,8,2026-07-20 15:20:33
2497,33,1,2026-07-20 16:33:48
2498,28,9,2026-07-21 12:57:38
2499,12,2,2026-07-25 12:47:50
2500,32,5,2026-07-25 13:58:05
